,InvoiceDate,item_sku,Quantity,TotalPrice,Week,Weekday,Day,UnitPrice
1,2010-12-01,22086,219,566.05,48,2,1,2.5847031963470317
2,2010-12-01,22386,42,81.9,48,2,1,1.9500000000000002
3,2010-12-01,22423,28,328.2,48,2,1,11.721428571428572
4,2010-12-01,79321,272,1079.04,48,2,1,3.9670588235294115
5,2010-12-01,84879,216,365.03999999999996,48,2,1,1.6899999999999997
6,2010-12-02,21137,73,247.83,48,3,2,3.394931506849315
7,2010-12-02,22086,129,364.55,48,3,2,2.825968992248062
8,2010-12-02,22386,23,44.85,48,3,2,1.95
10,2010-12-02,79321,56,243.6,48,3,2,4.35
11,2010-12-02,84879,503,773.27,48,3,2,1.5373161033797216
12,2010-12-03,22086,30,88.50000000000001,48,4,3,2.9500000000000006
13,2010-12-03,22386,20,39.0,48,4,3,1.95
15,2010-12-03,47566,5,23.25,48,4,3,4.65
16,2010-12-03,79321,157,676.35,48,4,3,4.307961783439491
17,2010-12-03,84879,32,54.08,48,4,3,1.69
18,2010-12-05,21137,24,81.36,48,6,5,3.39
19,2010-12-05,22086,133,360.35,48,6,5,2.7093984962406017
20,2010-12-05,22386,17,33.15,48,6,5,1.95
21,2010-12-05,22423,92,1029.0,48,6,5,11.184782608695652
22,2010-12-05,47566,8,37.2,48,6,5,4.65
23,2010-12-05,79321,82,355.5,48,6,5,4.335365853658536
24,2010-12-05,84879,129,218.01,48,6,5,1.69
26,2010-12-06,22086,159,437.05,49,0,6,2.74874213836478
27,2010-12-06,22386,11,21.45,49,0,6,1.95
28,2010-12-06,22423,43,548.25,49,0,6,12.75
29,2010-12-06,47566,6,27.9,49,0,6,4.6499999999999995
30,2010-12-06,79321,39,172.05,49,0,6,4.411538461538462
31,2010-12-06,84879,114,192.66,49,0,6,1.69
32,2010-12-07,21137,4,15.0,49,1,7,3.75
33,2010-12-07,22086,175,468.25,49,1,7,2.6757142857142857
34,2010-12-07,22386,5,9.75,49,1,7,1.95
35,2010-12-07,22423,99,1118.25,49,1,7,11.295454545454545
36,2010-12-07,79321,121,514.95,49,1,7,4.255785123966943
37,2010-12-07,84879,271,419.59,49,1,7,1.5483025830258301
38,2010-12-08,21137,8,30.0,49,2,8,3.75
39,2010-12-08,22086,78,214.10000000000002,49,2,8,2.7448717948717953
40,2010-12-08,22386,212,353.4,49,2,8,1.6669811320754715
41,2010-12-08,22423,61,720.15,49,2,8,11.805737704918032
42,2010-12-08,47566,55,210.75,49,2,8,3.831818181818182
43,2010-12-08,79321,32,141.6,49,2,8,4.425
44,2010-12-08,84879,83,140.27,49,2,8,1.6900000000000002
45,2010-12-09,21137,50,170.22,49,3,9,3.4044
46,2010-12-09,22086,132,373.40000000000003,49,3,9,2.828787878787879
47,2010-12-09,22386,13,25.35,49,3,9,1.9500000000000002
48,2010-12-09,22423,75,841.05,49,3,9,11.213999999999999
49,2010-12-09,47566,57,220.05,49,3,9,3.860526315789474
50,2010-12-09,79321,56,260.4,49,3,9,4.6499999999999995
51,2010-12-09,84879,120,202.8,49,3,9,1.6900000000000002
52,2010-12-10,22086,77,211.15,49,4,10,2.7422077922077923
54,2010-12-10,79321,14,69.30000000000001,49,4,10,4.950000000000001
55,2010-12-10,84879,136,229.83999999999997,49,4,10,1.6899999999999997
56,2010-12-12,21137,7,26.25,49,6,12,3.75
57,2010-12-12,22086,60,177.0,49,6,12,2.95
58,2010-12-12,22386,4,7.8,49,6,12,1.95
59,2010-12-12,22423,53,589.3499999999999,49,6,12,11.119811320754716
60,2010-12-12,47566,20,93.0,49,6,12,4.65
61,2010-12-12,79321,1,4.95,49,6,12,4.95
62,2010-12-12,84879,25,42.25,49,6,12,1.69
63,2010-12-13,21137,48,162.72,50,0,13,3.39
64,2010-12-13,22086,191,499.45000000000005,50,0,13,2.6149214659685867
65,2010-12-13,22386,10,19.5,50,0,13,1.95
66,2010-12-13,22423,31,366.45,50,0,13,11.820967741935483
67,2010-12-13,47566,5,23.25,50,0,13,4.65
68,2010-12-13,79321,58,253.5,50,0,13,4.370689655172414
69,2010-12-13,84879,66,111.53999999999999,50,0,13,1.69
70,2010-12-14,21137,31,107.61,50,1,14,3.471290322580645
71,2010-12-14,22086,33,97.35000000000001,50,1,14,2.95
72,2010-12-14,22386,11,21.45,50,1,14,1.95
73,2010-12-14,22423,22,251.7,50,1,14,11.44090909090909
74,2010-12-14,47566,9,41.85,50,1,14,4.65
75,2010-12-14,79321,80,354.0,50,1,14,4.425
76,2010-12-14,84879,228,346.92,50,1,14,1.5215789473684211
77,2010-12-15,21137,4,15.0,50,2,15,3.75
78,2010-12-15,22086,91,252.45000000000002,50,2,15,2.7741758241758245
79,2010-12-15,22386,20,39.0,50,2,15,1.95
81,2010-12-15,79321,69,307.95,50,2,15,4.463043478260869
82,2010-12-15,84879,120,202.79999999999998,50,2,15,1.69
84,2010-12-16,22086,131,346.45,50,3,16,2.6446564885496184
85,2010-12-16,22386,40,78.0,50,3,16,1.95
86,2010-12-16,22423,63,716.8499999999999,50,3,16,11.378571428571426
87,2010-12-16,47566,5,23.25,50,3,16,4.65
88,2010-12-16,79321,328,1313.6,50,3,16,4.004878048780488
89,2010-12-16,84879,160,258.88,50,3,16,1.6179999999999999
90,2010-12-17,21137,11,41.25,50,4,17,3.75
91,2010-12-17,22086,3,8.850000000000001,50,4,17,2.9500000000000006
92,2010-12-17,22386,20,39.0,50,4,17,1.95
93,2010-12-17,22423,97,1092.75,50,4,17,11.265463917525773
94,2010-12-17,79321,24,102.0,50,4,17,4.25
95,2010-12-17,84879,16,27.04,50,4,17,1.69
96,2010-12-19,22386,1,1.95,50,6,19,1.95
97,2010-12-19,22423,16,204.0,50,6,19,12.75
98,2010-12-19,47566,5,23.25,50,6,19,4.65
99,2010-12-19,79321,24,102.0,50,6,19,4.25
100,2010-12-19,84879,8,13.52,50,6,19,1.69
101,2010-12-20,21137,6,22.5,51,0,20,3.75
102,2010-12-20,22086,40,102.0,51,0,20,2.55
103,2010-12-20,22423,81,946.3499999999999,51,0,20,11.683333333333332
104,2010-12-20,47566,11,51.15,51,0,20,4.6499999999999995
105,2010-12-20,79321,33,146.55,51,0,20,4.440909090909091
106,2010-12-21,22086,16,47.2,51,1,21,2.95
107,2010-12-21,22423,3,38.25,51,1,21,12.75
108,2010-12-21,47566,1,4.65,51,1,21,4.65
109,2010-12-21,84879,24,40.56,51,1,21,1.6900000000000002
110,2010-12-22,22423,1,12.75,51,2,22,12.75
111,2010-12-22,47566,3,13.950000000000001,51,2,22,4.65
112,2010-12-23,21137,48,162.72,51,3,23,3.39
113,2010-12-23,22423,2,25.5,51,3,23,12.75
114,2010-12-23,79321,24,102.0,51,3,23,4.25
115,2010-12-23,84879,16,27.04,51,3,23,1.69
116,2011-01-04,21137,29,100.11,1,1,4,3.4520689655172414
117,2011-01-04,22386,30,58.5,1,1,4,1.95
118,2011-01-04,22423,26,302.7,1,1,4,11.642307692307693
119,2011-01-04,47566,65,248.25,1,1,4,3.8192307692307694
120,2011-01-04,79321,63,278.25,1,1,4,4.416666666666667
121,2011-01-04,84879,72,121.67999999999999,1,1,4,1.69
122,2011-01-05,22386,200,330.0,1,2,5,1.65
123,2011-01-05,22423,20,226.2,1,2,5,11.309999999999999
124,2011-01-05,47566,50,187.5,1,2,5,3.75
126,2011-01-05,84879,232,392.08,1,2,5,1.69
127,2011-01-06,21137,48,162.72,1,3,6,3.39
128,2011-01-06,22386,45,87.75,1,3,6,1.95
129,2011-01-06,22423,72,802.8,1,3,6,11.149999999999999
130,2011-01-06,47566,18,83.7,1,3,6,4.65
131,2011-01-06,79321,192,832.8,1,3,6,4.3374999999999995
132,2011-01-06,84879,88,148.72,1,3,6,1.69
133,2011-01-07,21137,100,340.44,1,4,7,3.4044
134,2011-01-07,22386,230,388.5,1,4,7,1.6891304347826086
135,2011-01-07,22423,87,965.2499999999999,1,4,7,11.094827586206895
136,2011-01-07,47566,9,41.85,1,4,7,4.65
137,2011-01-07,79321,72,306.0,1,4,7,4.25
138,2011-01-07,84879,24,40.56,1,4,7,1.6900000000000002
139,2011-01-09,22386,34,66.3,1,6,9,1.95
140,2011-01-09,22423,32,379.2,1,6,9,11.85
141,2011-01-09,79321,42,184.1,1,6,9,4.383333333333333
142,2011-01-09,84879,64,108.16,1,6,9,1.69
143,2011-01-10,22386,20,39.0,2,0,10,1.95
144,2011-01-10,22423,53,618.15,2,0,10,11.663207547169812
145,2011-01-10,47566,10,46.5,2,0,10,4.65
146,2011-01-10,79321,1,4.95,2,0,10,4.95
147,2011-01-10,84879,80,135.2,2,0,10,1.69
148,2011-01-11,21137,17,63.75,2,1,11,3.75
149,2011-01-11,22386,10,19.5,2,1,11,1.95
150,2011-01-11,22423,39,439.65,2,1,11,11.273076923076923
151,2011-01-11,47566,16,74.4,2,1,11,4.65
152,2011-01-11,79321,4,19.8,2,1,11,4.95
153,2011-01-11,84879,248,380.71999999999997,2,1,11,1.5351612903225804
154,2011-01-12,21137,3,11.25,2,2,12,3.75
155,2011-01-12,22423,32,379.2,2,2,12,11.85
156,2011-01-12,47566,23,106.95,2,2,12,4.65
157,2011-01-12,79321,83,360.45,2,2,12,4.3427710843373495
158,2011-01-12,84879,32,54.08,2,2,12,1.69
159,2011-01-13,22386,213,355.35,2,3,13,1.6683098591549297
160,2011-01-13,22423,68,751.8,2,3,13,11.055882352941175
161,2011-01-13,47566,9,41.85,2,3,13,4.65
162,2011-01-13,84879,22,37.18,2,3,13,1.69
163,2011-01-14,22386,40,78.0,2,4,14,1.95
165,2011-01-14,79321,48,204.0,2,4,14,4.25
166,2011-01-14,84879,24,40.56,2,4,14,1.6900000000000002
167,2011-01-16,22386,13,25.35,2,6,16,1.9500000000000002
168,2011-01-16,22423,9,114.75,2,6,16,12.75
169,2011-01-16,79321,36,157.2,2,6,16,4.366666666666666
170,2011-01-16,84879,4,6.76,2,6,16,1.69
171,2011-01-17,21137,8,30.0,3,0,17,3.75
172,2011-01-17,22386,20,39.0,3,0,17,1.95
173,2011-01-17,22423,19,213.45,3,0,17,11.234210526315788
174,2011-01-17,47566,20,93.0,3,0,17,4.65
175,2011-01-17,79321,32,141.6,3,0,17,4.425
176,2011-01-17,84879,25,42.25,3,0,17,1.69
177,2011-01-18,21137,8,30.0,3,1,18,3.75
178,2011-01-18,22386,2,3.9,3,1,18,1.95
179,2011-01-18,22423,17,187.95,3,1,18,11.055882352941175
181,2011-01-18,47566,5,23.25,3,1,18,4.65
182,2011-01-18,79321,4,19.8,3,1,18,4.95
183,2011-01-18,84879,8,13.52,3,1,18,1.69
184,2011-01-19,21137,4,15.0,3,2,19,3.75
185,2011-01-19,22386,16,31.2,3,2,19,1.95
186,2011-01-19,22423,1,12.75,3,2,19,12.75
187,2011-01-19,47566,5,23.25,3,2,19,4.65
188,2011-01-19,79321,24,102.0,3,2,19,4.25
189,2011-01-19,84879,8,13.52,3,2,19,1.69
190,2011-01-20,22423,11,140.25,3,3,20,12.75
191,2011-01-20,47566,5,23.25,3,3,20,4.65
192,2011-01-20,79321,98,376.61999999999995,3,3,20,3.8430612244897953
193,2011-01-20,84879,24,40.56,3,3,20,1.6900000000000002
194,2011-01-21,22386,2,3.9,3,4,21,1.95
195,2011-01-21,22423,23,264.45,3,4,21,11.497826086956522
196,2011-01-21,47566,10,46.5,3,4,21,4.65
197,2011-01-21,84879,24,40.56,3,4,21,1.6900000000000002
198,2011-01-23,22386,11,21.45,3,6,23,1.95
199,2011-01-23,22423,35,388.65,3,6,23,11.104285714285714
200,2011-01-23,47566,13,60.45,3,6,23,4.65
201,2011-01-23,79321,4,19.8,3,6,23,4.95
202,2011-01-23,84879,34,57.46,3,6,23,1.69
203,2011-01-24,22386,10,19.5,4,0,24,1.95
204,2011-01-24,22423,54,602.0999999999999,4,0,24,11.149999999999999
205,2011-01-24,47566,15,69.75,4,0,24,4.65
206,2011-01-24,79321,12,59.400000000000006,4,0,24,4.95
207,2011-01-24,84879,208,313.12,4,0,24,1.5053846153846153
208,2011-01-25,22386,90,166.5,4,1,25,1.85
209,2011-01-25,22423,74,828.3,4,1,25,11.193243243243243
210,2011-01-25,47566,67,266.55,4,1,25,3.978358208955224
211,2011-01-25,79321,4,19.8,4,1,25,4.95
212,2011-01-25,84879,32,54.08,4,1,25,1.69
213,2011-01-26,22386,20,39.0,4,2,26,1.95
214,2011-01-26,22423,18,229.5,4,2,26,12.75
215,2011-01-26,47566,5,23.25,4,2,26,4.65
216,2011-01-26,79321,28,121.8,4,2,26,4.35
217,2011-01-26,84879,24,40.56,4,2,26,1.6900000000000002
218,2011-01-27,22386,37,72.15,4,3,27,1.9500000000000002
219,2011-01-27,22423,56,685.2,4,3,27,12.235714285714286
220,2011-01-27,47566,20,93.0,4,3,27,4.65
221,2011-01-27,79321,50,213.9,4,3,27,4.2780000000000005
222,2011-01-27,84879,16,27.04,4,3,27,1.69
223,2011-01-28,22386,20,39.0,4,4,28,1.95
224,2011-01-28,22423,12,153.0,4,4,28,12.75
225,2011-01-28,47566,50,187.5,4,4,28,3.75
226,2011-01-28,79321,4,19.8,4,4,28,4.95
227,2011-01-28,84879,32,54.08,4,4,28,1.69
228,2011-01-30,21137,3,11.25,4,6,30,3.75
229,2011-01-30,22386,10,19.5,4,6,30,1.95
230,2011-01-30,22423,3,38.25,4,6,30,12.75
231,2011-01-30,47566,5,23.25,4,6,30,4.65
232,2011-01-30,84879,24,40.56,4,6,30,1.6900000000000002
233,2011-01-31,21137,8,30.0,5,0,31,3.75
234,2011-01-31,22423,4,51.0,5,0,31,12.75
235,2011-01-31,47566,12,55.8,5,0,31,4.6499999999999995
236,2011-01-31,79321,7,34.650000000000006,5,0,31,4.950000000000001
237,2011-01-31,84879,366,541.74,5,0,31,1.4801639344262296
238,2011-02-01,21137,24,81.36,5,1,1,3.39
239,2011-02-01,22386,5,9.75,5,1,1,1.95
240,2011-02-01,22423,15,191.25,5,1,1,12.75
241,2011-02-01,47566,112,430.8,5,1,1,3.8464285714285715
242,2011-02-01,79321,4,19.8,5,1,1,4.95
243,2011-02-01,84879,304,475.36,5,1,1,1.5636842105263158
244,2011-02-02,21137,76,259.08000000000004,5,2,2,3.408947368421053
245,2011-02-02,22386,24,46.8,5,2,2,1.95
246,2011-02-02,22423,29,340.95,5,2,2,11.756896551724138
247,2011-02-02,47566,5,23.25,5,2,2,4.65
248,2011-02-02,79321,24,102.0,5,2,2,4.25
249,2011-02-02,84879,224,340.16,5,2,2,1.5185714285714287
251,2011-02-03,22386,50,97.5,5,3,3,1.95
252,2011-02-03,22423,65,742.3499999999999,5,3,3,11.42076923076923
253,2011-02-03,47566,15,69.75,5,3,3,4.65
254,2011-02-03,79321,24,118.80000000000001,5,3,3,4.95
255,2011-02-03,84879,24,40.56,5,3,3,1.6900000000000002
256,2011-02-04,21137,4,15.0,5,4,4,3.75
257,2011-02-04,22386,100,165.0,5,4,4,1.65
258,2011-02-04,22423,23,264.45,5,4,4,11.497826086956522
259,2011-02-04,47566,51,212.45000000000002,5,4,4,4.165686274509804
260,2011-02-04,79321,24,118.80000000000001,5,4,4,4.95
261,2011-02-04,84879,8,13.52,5,4,4,1.69
262,2011-02-06,22386,30,58.5,5,6,6,1.95
263,2011-02-06,22423,3,38.25,5,6,6,12.75
264,2011-02-06,47566,19,94.05000000000001,5,6,6,4.95
265,2011-02-06,84879,11,18.59,5,6,6,1.69
266,2011-02-07,22386,31,60.45,6,0,7,1.9500000000000002
267,2011-02-07,22423,10,127.5,6,0,7,12.75
268,2011-02-07,47566,21,102.45,6,0,7,4.878571428571429
269,2011-02-07,79321,15,86.25,6,0,7,5.75
270,2011-02-07,84879,8,13.52,6,0,7,1.69
271,2011-02-08,22386,6,11.7,6,1,8,1.95
272,2011-02-08,22423,3,38.25,6,1,8,12.75
273,2011-02-08,47566,9,44.550000000000004,6,1,8,4.95
274,2011-02-08,79321,1,5.75,6,1,8,5.75
275,2011-02-09,22386,10,19.5,6,2,9,1.95
276,2011-02-09,22423,4,51.0,6,2,9,12.75
277,2011-02-09,47566,104,394.8,6,2,9,3.7961538461538464
278,2011-02-09,79321,4,23.0,6,2,9,5.75
279,2011-02-09,84879,16,27.04,6,2,9,1.69
280,2011-02-10,22386,11,21.45,6,3,10,1.95
281,2011-02-10,22423,34,404.7,6,3,10,11.902941176470588
282,2011-02-10,47566,37,181.65,6,3,10,4.90945945945946
283,2011-02-10,79321,5,28.75,6,3,10,5.75
284,2011-02-10,84879,72,121.67999999999999,6,3,10,1.69
285,2011-02-11,22386,23,44.85,6,4,11,1.95
286,2011-02-11,22423,49,538.3499999999999,6,4,11,10.98673469387755
287,2011-02-11,47566,108,414.6,6,4,11,3.838888888888889
288,2011-02-11,79321,144,628.8,6,4,11,4.366666666666666
289,2011-02-11,84879,32,54.08,6,4,11,1.69
290,2011-02-13,22423,19,213.45,6,6,13,11.234210526315788
291,2011-02-13,47566,4,19.8,6,6,13,4.95
292,2011-02-13,79321,11,63.25,6,6,13,5.75
293,2011-02-13,84879,24,40.56,6,6,13,1.6900000000000002
294,2011-02-14,21137,12,45.0,7,0,14,3.75
295,2011-02-14,22386,300,495.0,7,0,14,1.65
296,2011-02-14,22423,88,963.5999999999999,7,0,14,10.95
297,2011-02-14,47566,4,19.8,7,0,14,4.95
298,2011-02-14,84879,212,319.88,7,0,14,1.5088679245283019
299,2011-02-15,22386,30,58.5,7,1,15,1.95
301,2011-02-15,47566,6,29.7,7,1,15,4.95
302,2011-02-15,79321,145,718.5500000000001,7,1,15,4.955517241379311
303,2011-02-15,84879,84,141.95999999999998,7,1,15,1.6899999999999997
304,2011-02-16,21137,24,81.36,7,2,16,3.39
305,2011-02-16,22386,10,19.5,7,2,16,1.95
306,2011-02-16,22423,43,490.65,7,2,16,11.410465116279068
307,2011-02-16,47566,141,617.95,7,2,16,4.3826241134751776
308,2011-02-16,79321,24,118.80000000000001,7,2,16,4.95
309,2011-02-16,84879,156,263.64,7,2,16,1.69
310,2011-02-17,21137,4,15.0,7,3,17,3.75
311,2011-02-17,22386,1,1.95,7,3,17,1.95
312,2011-02-17,22423,40,452.4,7,3,17,11.309999999999999
313,2011-02-17,47566,7,34.65,7,3,17,4.95
314,2011-02-17,79321,54,281.70000000000005,7,3,17,5.216666666666668
315,2011-02-17,84879,24,40.56,7,3,17,1.6900000000000002
316,2011-02-18,22386,33,64.35,7,4,18,1.9499999999999997
317,2011-02-18,22423,11,140.25,7,4,18,12.75
318,2011-02-18,47566,8,39.6,7,4,18,4.95
319,2011-02-18,79321,72,356.40000000000003,7,4,18,4.95
320,2011-02-18,84879,80,135.2,7,4,18,1.69
321,2011-02-20,22386,11,21.45,7,6,20,1.95
322,2011-02-20,22423,53,589.3499999999999,7,6,20,11.119811320754716
323,2011-02-20,47566,5,24.75,7,6,20,4.95
324,2011-02-20,79321,1,5.75,7,6,20,5.75
325,2011-02-20,84879,8,13.52,7,6,20,1.69
326,2011-02-21,21137,16,60.0,8,0,21,3.75
327,2011-02-21,22423,72,802.8,8,0,21,11.149999999999999
328,2011-02-21,79321,8,46.0,8,0,21,5.75
329,2011-02-21,84879,40,67.6,8,0,21,1.69
330,2011-02-22,21137,48,162.72,8,1,22,3.39
331,2011-02-22,22086,2,5.9,8,1,22,2.95
332,2011-02-22,22386,200,330.0,8,1,22,1.65
333,2011-02-22,22423,26,302.7,8,1,22,11.642307692307693
334,2011-02-22,47566,10,49.5,8,1,22,4.95
335,2011-02-22,79321,6,34.5,8,1,22,5.75
336,2011-02-22,84879,40,67.6,8,1,22,1.69
337,2011-02-23,22386,10,19.5,8,2,23,1.95
338,2011-02-23,22423,23,264.45,8,2,23,11.497826086956522
339,2011-02-23,47566,62,266.90000000000003,8,2,23,4.30483870967742
340,2011-02-23,84879,96,162.24,8,2,23,1.6900000000000002
341,2011-02-24,21137,4,15.0,8,3,24,3.75
342,2011-02-24,22386,40,78.0,8,3,24,1.95
343,2011-02-24,22423,40,452.4,8,3,24,11.309999999999999
344,2011-02-24,47566,24,118.80000000000001,8,3,24,4.95
345,2011-02-24,79321,24,138.0,8,3,24,5.75
346,2011-02-24,84879,32,54.08,8,3,24,1.69
347,2011-02-25,22386,3,5.85,8,4,25,1.95
348,2011-02-25,22423,24,306.0,8,4,25,12.75
349,2011-02-25,47566,13,64.35,8,4,25,4.949999999999999
350,2011-02-25,79321,24,118.80000000000001,8,4,25,4.95
351,2011-02-25,84879,24,40.56,8,4,25,1.6900000000000002
352,2011-02-27,22423,4,51.0,8,6,27,12.75
353,2011-02-27,47566,27,133.65,8,6,27,4.95
354,2011-02-27,79321,1,5.75,8,6,27,5.75
355,2011-02-27,84879,96,162.24,8,6,27,1.6900000000000002
356,2011-02-28,22386,61,118.95,9,0,28,1.95
357,2011-02-28,22423,11,140.25,9,0,28,12.75
358,2011-02-28,47566,18,89.1,9,0,28,4.949999999999999
359,2011-02-28,79321,4,23.0,9,0,28,5.75
360,2011-02-28,84879,4,6.76,9,0,28,1.69
361,2011-03-01,22086,4,11.8,9,1,1,2.95
362,2011-03-01,22386,80,156.0,9,1,1,1.95
363,2011-03-01,22423,5,63.75,9,1,1,12.75
364,2011-03-01,47566,21,103.95,9,1,1,4.95
365,2011-03-01,79321,24,118.80000000000001,9,1,1,4.95
366,2011-03-01,84879,24,40.56,9,1,1,1.6900000000000002
367,2011-03-02,22086,40,102.0,9,2,2,2.55
368,2011-03-02,22386,4,7.8,9,2,2,1.95
370,2011-03-02,47566,76,336.20000000000005,9,2,2,4.423684210526316
371,2011-03-02,84879,6,10.14,9,2,2,1.6900000000000002
372,2011-03-03,22386,14,27.3,9,3,3,1.95
373,2011-03-03,22423,70,834.9,9,3,3,11.927142857142856
374,2011-03-03,47566,24,118.80000000000001,9,3,3,4.95
375,2011-03-03,79321,6,34.5,9,3,3,5.75
376,2011-03-03,84879,40,67.6,9,3,3,1.69
377,2011-03-04,22386,11,21.45,9,4,4,1.95
378,2011-03-04,22423,10,127.5,9,4,4,12.75
379,2011-03-04,47566,2,9.9,9,4,4,4.95
380,2011-03-04,79321,4,23.0,9,4,4,5.75
381,2011-03-04,84879,72,121.67999999999999,9,4,4,1.69
382,2011-03-06,22423,19,213.45,9,6,6,11.234210526315788
383,2011-03-06,47566,9,44.550000000000004,9,6,6,4.95
384,2011-03-06,84879,43,72.67,9,6,6,1.69
385,2011-03-07,22386,145,252.75,10,0,7,1.743103448275862
386,2011-03-07,22423,14,178.5,10,0,7,12.75
387,2011-03-07,47566,17,84.15,10,0,7,4.95
388,2011-03-07,79321,109,549.95,10,0,7,5.045412844036698
389,2011-03-07,84879,192,286.08,10,0,7,1.49
390,2011-03-08,22086,1,2.95,10,1,8,2.95
391,2011-03-08,22386,82,159.9,10,1,8,1.9500000000000002
392,2011-03-08,22423,38,426.9,10,1,8,11.234210526315788
393,2011-03-08,47566,15,74.25,10,1,8,4.95
394,2011-03-08,79321,28,141.8,10,1,8,5.064285714285715
395,2011-03-08,84879,80,135.2,10,1,8,1.69
396,2011-03-09,22386,22,42.9,10,2,9,1.95
397,2011-03-09,22423,51,592.65,10,2,9,11.620588235294116
398,2011-03-09,47566,22,108.9,10,2,9,4.95
399,2011-03-09,79321,12,69.0,10,2,9,5.75
400,2011-03-09,84879,40,67.6,10,2,9,1.69
401,2011-03-10,21137,6,22.5,10,3,10,3.75
402,2011-03-10,22386,106,176.7,10,3,10,1.6669811320754715
403,2011-03-10,22423,12,153.0,10,3,10,12.75
404,2011-03-10,47566,20,99.0,10,3,10,4.95
405,2011-03-10,79321,39,195.45000000000002,10,3,10,5.011538461538462
406,2011-03-10,84879,64,108.16,10,3,10,1.69
407,2011-03-11,22386,3,5.85,10,4,11,1.95
408,2011-03-11,22423,34,375.9,10,4,11,11.055882352941175
409,2011-03-11,47566,63,271.85,10,4,11,4.315079365079366
410,2011-03-11,79321,57,282.15,10,4,11,4.949999999999999
411,2011-03-11,84879,216,326.64,10,4,11,1.5122222222222221
412,2011-03-13,47566,2,9.9,10,6,13,4.95
413,2011-03-13,79321,5,28.75,10,6,13,5.75
414,2011-03-13,84879,34,57.46,10,6,13,1.69
415,2011-03-14,22386,20,39.0,11,0,14,1.95
416,2011-03-14,22423,38,426.9,11,0,14,11.234210526315788
417,2011-03-14,47566,93,400.35,11,0,14,4.304838709677419
418,2011-03-14,79321,39,205.05,11,0,14,5.257692307692308
419,2011-03-14,84879,272,421.28,11,0,14,1.5488235294117647
420,2011-03-15,21137,8,30.0,11,1,15,3.75
421,2011-03-15,22386,14,27.299999999999997,11,1,15,1.9499999999999997
422,2011-03-15,22423,9,114.75,11,1,15,12.75
423,2011-03-15,47566,12,59.400000000000006,11,1,15,4.95
424,2011-03-15,79321,8,46.0,11,1,15,5.75
425,2011-03-15,84879,363,536.6700000000001,11,1,15,1.4784297520661158
426,2011-03-16,21137,24,81.36,11,2,16,3.39
427,2011-03-16,22386,110,184.5,11,2,16,1.6772727272727272
428,2011-03-16,22423,59,694.65,11,2,16,11.773728813559321
429,2011-03-16,47566,95,470.25,11,2,16,4.95
430,2011-03-16,79321,6,34.5,11,2,16,5.75
431,2011-03-16,84879,176,297.44,11,2,16,1.69
432,2011-03-17,21137,24,81.36,11,3,17,3.39
434,2011-03-17,22423,61,545.15,11,3,17,8.936885245901639
435,2011-03-17,47566,160,672.0,11,3,17,4.2
436,2011-03-17,84879,64,108.16,11,3,17,1.69
437,2011-03-18,21137,48,162.72,11,4,18,3.39
438,2011-03-18,22386,30,58.5,11,4,18,1.95
439,2011-03-18,22423,68,780.5999999999999,11,4,18,11.479411764705882
440,2011-03-18,47566,74,326.3,11,4,18,4.40945945945946
441,2011-03-18,79321,28,141.8,11,4,18,5.064285714285715
442,2011-03-18,84879,37,62.53,11,4,18,1.69
443,2011-03-20,21137,13,48.75,11,6,20,3.75
444,2011-03-20,22386,40,78.0,11,6,20,1.95
445,2011-03-20,22423,48,554.4,11,6,20,11.549999999999999
446,2011-03-20,47566,146,634.7,11,6,20,4.347260273972603
447,2011-03-20,84879,56,94.64,11,6,20,1.69
448,2011-03-21,22386,140,243.0,12,0,21,1.7357142857142858
449,2011-03-21,22423,43,490.65,12,0,21,11.410465116279068
450,2011-03-21,47566,28,138.60000000000002,12,0,21,4.950000000000001
451,2011-03-21,79321,5,28.75,12,0,21,5.75
452,2011-03-21,84879,122,206.18,12,0,21,1.69
453,2011-03-22,22386,20,39.0,12,1,22,1.95
454,2011-03-22,22423,38,455.7,12,1,22,11.992105263157894
455,2011-03-22,47566,44,217.8,12,1,22,4.95
456,2011-03-22,79321,5,28.75,12,1,22,5.75
457,2011-03-22,84879,69,116.61,12,1,22,1.69
458,2011-03-23,21137,60,207.72,12,2,23,3.462
459,2011-03-23,22386,122,207.9,12,2,23,1.7040983606557378
460,2011-03-23,22423,83,914.2499999999999,12,2,23,11.015060240963853
461,2011-03-23,47566,122,523.9000000000001,12,2,23,4.2942622950819676
462,2011-03-23,79321,10,57.5,12,2,23,5.75
463,2011-03-23,84879,56,94.64,12,2,23,1.69
464,2011-03-24,21137,11,41.25,12,3,24,3.75
465,2011-03-24,22086,40,102.0,12,3,24,2.55
466,2011-03-24,22386,14,27.3,12,3,24,1.95
467,2011-03-24,22423,28,357.0,12,3,24,12.75
468,2011-03-24,47566,17,84.15,12,3,24,4.95
469,2011-03-24,84879,80,135.2,12,3,24,1.69
470,2011-03-25,21137,24,81.36,12,4,25,3.39
471,2011-03-25,22386,271,468.45,12,4,25,1.7285977859778598
472,2011-03-25,22423,29,369.75,12,4,25,12.75
473,2011-03-25,47566,22,108.9,12,4,25,4.95
474,2011-03-25,84879,40,67.6,12,4,25,1.69
475,2011-03-27,21137,12,45.0,12,6,27,3.75
476,2011-03-27,22423,59,665.8499999999999,12,6,27,11.285593220338981
477,2011-03-27,47566,36,178.20000000000002,12,6,27,4.95
478,2011-03-27,84879,8,13.52,12,6,27,1.69
479,2011-03-28,21137,8,30.0,13,0,28,3.75
480,2011-03-28,22386,112,188.4,13,0,28,1.6821428571428572
481,2011-03-28,22423,29,369.75,13,0,28,12.75
482,2011-03-28,47566,33,163.35000000000002,13,0,28,4.950000000000001
483,2011-03-28,79321,4,23.0,13,0,28,5.75
484,2011-03-28,84879,96,162.24,13,0,28,1.6900000000000002
485,2011-03-29,21137,24,81.36,13,1,29,3.39
486,2011-03-29,22386,291,483.45,13,1,29,1.6613402061855669
487,2011-03-29,22423,39,439.65,13,1,29,11.273076923076923
488,2011-03-29,47566,74,326.30000000000007,13,1,29,4.409459459459461
489,2011-03-29,79321,48,237.60000000000002,13,1,29,4.95
490,2011-03-29,84879,24,40.56,13,1,29,1.6900000000000002
491,2011-03-30,22386,12,23.66,13,2,30,1.9716666666666667
492,2011-03-30,22423,77,895.3499999999999,13,2,30,11.627922077922078
493,2011-03-30,47566,125,538.7500000000001,13,2,30,4.3100000000000005
494,2011-03-30,84879,16,27.04,13,2,30,1.69
495,2011-03-31,21137,8,30.0,13,3,31,3.75
496,2011-03-31,22386,222,402.46000000000004,13,3,31,1.8128828828828831
497,2011-03-31,22423,114,1266.2999999999997,13,3,31,11.107894736842104
498,2011-03-31,47566,5,24.75,13,3,31,4.95
499,2011-03-31,79321,5,28.75,13,3,31,5.75
500,2011-03-31,84879,212,319.88,13,3,31,1.5088679245283019
501,2011-04-01,22386,16,31.98,13,4,1,1.99875
502,2011-04-01,22423,25,318.75,13,4,1,12.75
503,2011-04-01,47566,16,79.2,13,4,1,4.95
504,2011-04-01,79321,5,28.75,13,4,1,5.75
505,2011-04-01,84879,117,197.73000000000002,13,4,1,1.6900000000000002
506,2011-04-03,21137,4,15.0,13,6,3,3.75
507,2011-04-03,22086,3,8.850000000000001,13,6,3,2.9500000000000006
508,2011-04-03,22386,4,8.32,13,6,3,2.08
509,2011-04-03,22423,16,175.2,13,6,3,10.95
510,2011-04-03,47566,13,64.35000000000001,13,6,3,4.950000000000001
511,2011-04-04,21137,2,7.5,14,0,4,3.75
512,2011-04-04,22386,30,62.400000000000006,14,0,4,2.08
513,2011-04-04,22423,58,710.7,14,0,4,12.25344827586207
514,2011-04-04,47566,35,173.25,14,0,4,4.95
515,2011-04-04,84879,139,234.91,14,0,4,1.69
516,2011-04-05,22386,30,61.1,14,1,5,2.0366666666666666
517,2011-04-05,22423,20,255.0,14,1,5,12.75
518,2011-04-05,47566,30,148.5,14,1,5,4.95
519,2011-04-05,79321,1,5.75,14,1,5,5.75
520,2011-04-05,84879,248,380.72,14,1,5,1.5351612903225809
521,2011-04-06,22423,37,414.15,14,2,6,11.193243243243243
522,2011-04-06,47566,28,138.60000000000002,14,2,6,4.950000000000001
523,2011-04-06,79321,1,5.75,14,2,6,5.75
524,2011-04-06,84879,32,54.08,14,2,6,1.69
525,2011-04-07,21137,9,33.75,14,3,7,3.75
526,2011-04-07,22086,8,23.6,14,3,7,2.95
527,2011-04-07,22386,18,37.44,14,3,7,2.08
528,2011-04-07,22423,99,1147.05,14,3,7,11.586363636363636
529,2011-04-07,47566,124,533.8000000000001,14,3,7,4.30483870967742
530,2011-04-07,84879,57,96.33,14,3,7,1.69
531,2011-04-08,22386,30,61.1,14,4,8,2.0366666666666666
532,2011-04-08,22423,13,165.75,14,4,8,12.75
533,2011-04-08,47566,169,716.5500000000001,14,4,8,4.239940828402367
534,2011-04-08,84879,232,353.68,14,4,8,1.5244827586206897
535,2011-04-10,22386,10,20.8,14,6,10,2.08
536,2011-04-10,22423,29,326.54999999999995,14,6,10,11.260344827586206
537,2011-04-10,47566,31,153.45000000000002,14,6,10,4.95
538,2011-04-10,84879,37,62.53,14,6,10,1.69
539,2011-04-11,22386,5,10.4,15,0,11,2.08
540,2011-04-11,22423,51,592.65,15,0,11,11.620588235294116
541,2011-04-11,47566,90,405.50000000000006,15,0,11,4.505555555555556
542,2011-04-11,84879,57,96.33,15,0,11,1.69
543,2011-04-12,22423,39,468.45,15,1,12,12.01153846153846
544,2011-04-12,47566,123,528.85,15,1,12,4.2995934959349595
545,2011-04-12,84879,168,283.91999999999996,15,1,12,1.6899999999999997
546,2011-04-13,22386,10,20.8,15,2,13,2.08
548,2011-04-13,47566,30,148.5,15,2,13,4.95
549,2011-04-13,79321,1,5.75,15,2,13,5.75
550,2011-04-13,84879,162,273.78,15,2,13,1.6899999999999997
551,2011-04-14,21137,60,207.72,15,3,14,3.462
552,2011-04-14,22386,58,120.64,15,3,14,2.08
553,2011-04-14,22423,94,1112.1,15,3,14,11.830851063829787
554,2011-04-14,47566,157,737.15,15,3,14,4.695222929936306
555,2011-04-14,84879,280,473.2,15,3,14,1.69
556,2011-04-15,21137,24,81.36,15,4,15,3.39
557,2011-04-15,22386,30,62.400000000000006,15,4,15,2.08
558,2011-04-15,22423,25,289.95,15,4,15,11.597999999999999
559,2011-04-15,47566,27,133.65,15,4,15,4.95
560,2011-04-15,84879,24,40.56,15,4,15,1.6900000000000002
561,2011-04-17,22423,7,89.25,15,6,17,12.75
562,2011-04-17,47566,20,99.0,15,6,17,4.95
563,2011-04-17,84879,124,209.56,15,6,17,1.69
564,2011-04-18,21137,14,52.5,16,0,18,3.75
565,2011-04-18,22386,20,41.6,16,0,18,2.08
566,2011-04-18,22423,18,229.5,16,0,18,12.75
567,2011-04-18,47566,75,331.25000000000006,16,0,18,4.416666666666668
568,2011-04-18,84879,52,87.88,16,0,18,1.69
569,2011-04-19,22386,24,49.92,16,1,19,2.08
570,2011-04-19,22423,23,293.25,16,1,19,12.75
571,2011-04-19,47566,95,422.25,16,1,19,4.4447368421052635
572,2011-04-19,84879,128,216.32,16,1,19,1.69
573,2011-04-20,21137,96,334.08000000000004,16,2,20,3.4800000000000004
574,2011-04-20,22386,70,145.6,16,2,20,2.08
575,2011-04-20,22423,75,869.8499999999999,16,2,20,11.597999999999999
576,2011-04-20,47566,178,793.1,16,2,20,4.45561797752809
577,2011-04-20,84879,16,27.04,16,2,20,1.69
578,2011-04-21,22386,32,66.56,16,3,21,2.08
579,2011-04-21,22423,35,417.45,16,3,21,11.927142857142856
580,2011-04-21,47566,202,879.9000000000001,16,3,21,4.3559405940594065
581,2011-04-21,84879,248,380.72,16,3,21,1.5351612903225809
582,2011-04-26,21137,8,30.0,17,1,26,3.75
583,2011-04-26,22386,1,2.08,17,1,26,2.08
584,2011-04-26,22423,25,289.95,17,1,26,11.597999999999999
585,2011-04-26,47566,56,277.2,17,1,26,4.95
586,2011-04-26,84879,95,160.55,17,1,26,1.6900000000000002
587,2011-04-27,22386,121,217.68,17,2,27,1.79900826446281
589,2011-04-27,47566,92,415.40000000000003,17,2,27,4.515217391304348
590,2011-04-27,84879,88,148.72,17,2,27,1.69
591,2011-04-28,21137,28,96.36,17,3,28,3.4414285714285713
592,2011-04-28,22386,23,47.84,17,3,28,2.08
593,2011-04-28,22423,45,516.15,17,3,28,11.469999999999999
594,2011-04-28,47566,20,99.0,17,3,28,4.95
595,2011-04-28,84879,64,108.16,17,3,28,1.69
596,2011-05-01,21137,2,7.5,17,6,1,3.75
597,2011-05-01,22386,110,199.8,17,6,1,1.8163636363636364
598,2011-05-01,22423,5,63.75,17,6,1,12.75
599,2011-05-01,47566,19,94.05000000000001,17,6,1,4.95
600,2011-05-01,84879,1,1.69,17,6,1,1.69
601,2011-05-03,21137,314,1065.18,18,1,3,3.3922929936305732
602,2011-05-03,22386,20,41.6,18,1,3,2.08
603,2011-05-03,22423,32,379.2,18,1,3,11.85
604,2011-05-03,47566,151,647.45,18,1,3,4.287748344370861
605,2011-05-03,84879,52,87.88,18,1,3,1.69
606,2011-05-04,21137,76,259.08000000000004,18,2,4,3.408947368421053
607,2011-05-04,22386,3,6.24,18,2,4,2.08
608,2011-05-04,22423,11,140.25,18,2,4,12.75
609,2011-05-04,23298,154,642.3000000000001,18,2,4,4.170779220779221
610,2011-05-04,47566,217,946.1500000000001,18,2,4,4.360138248847926
611,2011-05-04,84879,96,162.24,18,2,4,1.6900000000000002
612,2011-05-05,22386,2,4.16,18,3,5,2.08
613,2011-05-05,22423,67,782.25,18,3,5,11.675373134328359
614,2011-05-05,23298,19,94.05000000000001,18,3,5,4.95
615,2011-05-05,47566,149,657.5500000000001,18,3,5,4.413087248322148
616,2011-05-05,84879,114,192.66,18,3,5,1.69
617,2011-05-06,21137,4,15.0,18,4,6,3.75
618,2011-05-06,22386,70,144.3,18,4,6,2.0614285714285714
619,2011-05-06,22423,37,446.54999999999995,18,4,6,12.068918918918918
620,2011-05-06,23298,87,390.65000000000003,18,4,6,4.490229885057472
621,2011-05-06,47566,115,529.25,18,4,6,4.602173913043479
622,2011-05-06,79321,104,521.2,18,4,6,5.011538461538462
623,2011-05-06,84879,120,202.8,18,4,6,1.6900000000000002
624,2011-05-08,22386,45,93.6,18,6,8,2.08
625,2011-05-08,22423,19,242.25,18,6,8,12.75
626,2011-05-08,23298,57,282.15000000000003,18,6,8,4.95
627,2011-05-08,47566,201,874.9499999999999,18,6,8,4.352985074626865
628,2011-05-08,84879,204,344.76,18,6,8,1.69
629,2011-05-09,21137,32,111.36,19,0,9,3.48
630,2011-05-09,22386,54,112.32000000000001,19,0,9,2.08
631,2011-05-09,22423,15,191.25,19,0,9,12.75
632,2011-05-09,23298,47,232.65000000000003,19,0,9,4.950000000000001
633,2011-05-09,47566,141,617.95,19,0,9,4.3826241134751776
634,2011-05-09,79321,8,46.0,19,0,9,5.75
635,2011-05-09,84879,40,67.6,19,0,9,1.69
636,2011-05-10,21137,24,81.36,19,1,10,3.39
637,2011-05-10,22086,12,35.400000000000006,19,1,10,2.9500000000000006
638,2011-05-10,22386,110,199.8,19,1,10,1.8163636363636364
639,2011-05-10,22423,30,382.5,19,1,10,12.75
640,2011-05-10,23084,2,4.16,19,1,10,2.08
641,2011-05-10,23298,107,489.65000000000003,19,1,10,4.576168224299066
642,2011-05-10,47566,278,1216.1000000000001,19,1,10,4.3744604316546765
643,2011-05-10,79321,40,210.8,19,1,10,5.2700000000000005
644,2011-05-10,84879,176,297.44,19,1,10,1.69
645,2011-05-11,22386,136,253.88,19,2,11,1.8667647058823529
646,2011-05-11,22423,54,623.7,19,2,11,11.55
647,2011-05-11,23084,208,382.18,19,2,11,1.8374038461538462
648,2011-05-11,23298,56,277.20000000000005,19,2,11,4.950000000000001
649,2011-05-11,47566,59,292.05,19,2,11,4.95
650,2011-05-11,79321,120,594.0,19,2,11,4.95
651,2011-05-11,84879,448,680.3199999999999,19,2,11,1.5185714285714285
652,2011-05-12,21137,8,30.0,19,3,12,3.75
653,2011-05-12,22386,20,41.6,19,3,12,2.08
655,2011-05-12,23084,93,179.52,19,3,12,1.9303225806451614
656,2011-05-12,23166,108,114.84,19,3,12,1.0633333333333335
657,2011-05-12,23298,99,450.05000000000007,19,3,12,4.545959595959597
658,2011-05-12,47566,158,694.1,19,3,12,4.393037974683544
659,2011-05-12,79321,4,23.0,19,3,12,5.75
660,2011-05-12,84879,360,570.0,19,3,12,1.5833333333333333
661,2011-05-13,21137,4,15.0,19,4,13,3.75
662,2011-05-13,22386,20,41.6,19,4,13,2.08
663,2011-05-13,22423,73,844.3499999999999,19,4,13,11.566438356164383
664,2011-05-13,23084,28,58.24,19,4,13,2.08
665,2011-05-13,23166,84,94.92,19,4,13,1.1300000000000001
666,2011-05-13,23298,71,351.45000000000005,19,4,13,4.950000000000001
667,2011-05-13,47566,8,39.6,19,4,13,4.95
668,2011-05-13,79321,10,57.5,19,4,13,5.75
669,2011-05-13,84879,109,184.21,19,4,13,1.6900000000000002
670,2011-05-15,21137,2,7.5,19,6,15,3.75
671,2011-05-15,22386,10,20.8,19,6,15,2.08
672,2011-05-15,22423,2,25.5,19,6,15,12.75
673,2011-05-15,23084,3,6.24,19,6,15,2.08
674,2011-05-15,23298,17,84.15,19,6,15,4.95
675,2011-05-15,47566,7,34.650000000000006,19,6,15,4.950000000000001
676,2011-05-15,84879,44,74.36,19,6,15,1.69
677,2011-05-16,21137,28,96.36,20,0,16,3.4414285714285713
678,2011-05-16,22386,21,43.68,20,0,16,2.08
679,2011-05-16,22423,50,579.9,20,0,16,11.597999999999999
680,2011-05-16,23084,30,62.400000000000006,20,0,16,2.08
681,2011-05-16,23166,84,94.92,20,0,16,1.1300000000000001
682,2011-05-16,23298,77,381.15000000000003,20,0,16,4.95
683,2011-05-16,47566,134,583.3000000000001,20,0,16,4.352985074626866
684,2011-05-16,79321,19,109.25,20,0,16,5.75
685,2011-05-16,84879,64,108.16,20,0,16,1.69
686,2011-05-17,21137,8,30.0,20,1,17,3.75
687,2011-05-17,22386,12,24.96,20,1,17,2.08
688,2011-05-17,22423,44,406.0,20,1,17,9.227272727272727
689,2011-05-17,23084,78,162.24,20,1,17,2.08
690,2011-05-17,23298,132,573.4000000000001,20,1,17,4.343939393939395
691,2011-05-17,47566,128,553.6,20,1,17,4.325
692,2011-05-17,84879,168,283.91999999999996,20,1,17,1.6899999999999997
693,2011-05-18,22386,10,20.8,20,2,18,2.08
694,2011-05-18,22423,16,204.0,20,2,18,12.75
695,2011-05-18,23084,48,92.88,20,2,18,1.9349999999999998
696,2011-05-18,23166,252,264.6,20,2,18,1.05
697,2011-05-18,23298,90,405.5,20,2,18,4.5055555555555555
698,2011-05-18,47566,74,366.3,20,2,18,4.95
699,2011-05-18,79321,13,74.75,20,2,18,5.75
700,2011-05-18,84879,128,216.32,20,2,18,1.69
701,2011-05-19,22386,30,62.400000000000006,20,3,19,2.08
702,2011-05-19,22423,110,1258.5,20,3,19,11.440909090909091
703,2011-05-19,23084,45,93.60000000000001,20,3,19,2.08
704,2011-05-19,23166,14,17.5,20,3,19,1.25
705,2011-05-19,23298,121,558.95,20,3,19,4.619421487603306
706,2011-05-19,47566,81,400.95000000000005,20,3,19,4.95
707,2011-05-19,84879,48,81.12,20,3,19,1.6900000000000002
708,2011-05-20,22386,50,104.0,20,4,20,2.08
709,2011-05-20,22423,54,630.9,20,4,20,11.683333333333334
710,2011-05-20,23084,12,24.96,20,4,20,2.08
711,2011-05-20,23166,12,15.0,20,4,20,1.25
712,2011-05-20,23298,99,450.05000000000007,20,4,20,4.545959595959597
713,2011-05-20,47566,181,815.95,20,4,20,4.508011049723757
714,2011-05-20,79321,8,46.0,20,4,20,5.75
715,2011-05-20,84879,136,229.84,20,4,20,1.69
716,2011-05-22,22386,22,44.46,20,6,22,2.020909090909091
717,2011-05-22,22423,12,153.0,20,6,22,12.75
718,2011-05-22,23084,30,55.44,20,6,22,1.8479999999999999
719,2011-05-22,23166,27,33.75,20,6,22,1.25
720,2011-05-22,23298,58,287.1,20,6,22,4.95
721,2011-05-22,47566,77,381.15000000000003,20,6,22,4.95
722,2011-05-22,79321,4,23.0,20,6,22,5.75
723,2011-05-22,84879,43,72.67,20,6,22,1.69
724,2011-05-23,22386,24,49.92,21,0,23,2.08
725,2011-05-23,22423,12,153.0,21,0,23,12.75
726,2011-05-23,23084,8,16.64,21,0,23,2.08
727,2011-05-23,23166,99,103.59,21,0,23,1.0463636363636364
728,2011-05-23,23298,50,247.5,21,0,23,4.95
729,2011-05-23,47566,176,751.2,21,0,23,4.2681818181818185
730,2011-05-23,79321,25,124.55000000000001,21,0,23,4.982
731,2011-05-23,84879,116,196.04,21,0,23,1.69
732,2011-05-24,22386,25,52.0,21,1,24,2.08
733,2011-05-24,22423,18,229.5,21,1,24,12.75
734,2011-05-24,23084,55,107.44,21,1,24,1.9534545454545453
735,2011-05-24,23166,12,15.0,21,1,24,1.25
736,2011-05-24,23298,31,153.45000000000002,21,1,24,4.95
737,2011-05-24,47566,95,430.25,21,1,24,4.528947368421052
738,2011-05-24,84879,100,169.0,21,1,24,1.69
739,2011-05-25,22386,54,112.32000000000001,21,2,25,2.08
740,2011-05-25,22423,30,353.7,21,2,25,11.79
741,2011-05-25,23084,78,148.32,21,2,25,1.9015384615384614
742,2011-05-25,23166,28,35.0,21,2,25,1.25
743,2011-05-25,23298,30,148.5,21,2,25,4.95
744,2011-05-25,47566,178,761.1,21,2,25,4.275842696629214
745,2011-05-25,79321,28,141.8,21,2,25,5.064285714285715
746,2011-05-25,84879,29,49.01,21,2,25,1.69
747,2011-05-26,22386,302,541.16,21,3,26,1.7919205298013243
748,2011-05-26,22423,37,414.15,21,3,26,11.193243243243243
749,2011-05-26,23084,263,547.0400000000001,21,3,26,2.0800000000000005
750,2011-05-26,23166,12,15.0,21,3,26,1.25
751,2011-05-26,23298,30,148.5,21,3,26,4.95
752,2011-05-26,47566,56,277.20000000000005,21,3,26,4.950000000000001
753,2011-05-26,84879,264,407.76,21,3,26,1.5445454545454544
754,2011-05-27,22386,123,226.84,21,4,27,1.8442276422764228
755,2011-05-27,22423,58,653.0999999999999,21,4,27,11.260344827586206
756,2011-05-27,23084,32,66.56,21,4,27,2.08
757,2011-05-27,23166,60,64.92,21,4,27,1.082
758,2011-05-27,23298,24,118.80000000000001,21,4,27,4.95
759,2011-05-27,47566,169,716.5500000000001,21,4,27,4.239940828402367
760,2011-05-27,79321,15,86.25,21,4,27,5.75
761,2011-05-27,84879,16,27.04,21,4,27,1.69
762,2011-05-29,22386,10,20.8,21,6,29,2.08
763,2011-05-29,22423,3,38.25,21,6,29,12.75
764,2011-05-29,23084,10,20.8,21,6,29,2.08
765,2011-05-29,23298,14,69.30000000000001,21,6,29,4.950000000000001
766,2011-05-29,47566,8,39.6,21,6,29,4.95
767,2011-05-29,79321,2,11.5,21,6,29,5.75
768,2011-05-29,84879,40,67.6,21,6,29,1.69
769,2011-05-31,22386,25,52.0,22,1,31,2.08
770,2011-05-31,22423,42,477.9,22,1,31,11.378571428571428
771,2011-05-31,23084,74,133.04,22,1,31,1.7978378378378377
772,2011-05-31,23298,79,351.05,22,1,31,4.4436708860759495
773,2011-05-31,47566,161,716.95,22,1,31,4.453105590062112
774,2011-05-31,79321,5,28.75,22,1,31,5.75
775,2011-05-31,84879,104,175.76,22,1,31,1.69
776,2011-06-01,22386,22,45.760000000000005,22,2,1,2.08
777,2011-06-01,22423,14,178.5,22,2,1,12.75
778,2011-06-01,23084,33,61.68,22,2,1,1.8690909090909091
779,2011-06-01,23298,8,39.6,22,2,1,4.95
780,2011-06-01,47566,124,533.8000000000001,22,2,1,4.30483870967742
781,2011-06-01,79321,4,23.0,22,2,1,5.75
782,2011-06-01,84879,48,81.12,22,2,1,1.6900000000000002
783,2011-06-02,22386,323,584.84,22,3,2,1.8106501547987617
784,2011-06-02,22423,55,602.25,22,3,2,10.95
785,2011-06-02,23084,14,29.12,22,3,2,2.08
786,2011-06-02,23166,12,15.0,22,3,2,1.25
787,2011-06-02,23298,38,188.1,22,3,2,4.95
788,2011-06-02,47566,23,113.85000000000001,22,3,2,4.95
789,2011-06-02,79321,1,5.75,22,3,2,5.75
790,2011-06-02,84879,56,94.64,22,3,2,1.69
791,2011-06-03,21137,336,1139.04,22,4,3,3.3899999999999997
792,2011-06-03,22386,10,20.8,22,4,3,2.08
794,2011-06-03,23166,12,15.0,22,4,3,1.25
795,2011-06-03,23298,30,148.5,22,4,3,4.95
796,2011-06-03,47566,18,89.10000000000001,22,4,3,4.95
797,2011-06-03,79321,6,34.5,22,4,3,5.75
798,2011-06-03,84879,64,108.16,22,4,3,1.69
799,2011-06-05,21137,168,569.52,22,6,5,3.3899999999999997
800,2011-06-05,22386,26,54.08,22,6,5,2.08
801,2011-06-05,22423,13,165.75,22,6,5,12.75
802,2011-06-05,23166,42,52.5,22,6,5,1.25
803,2011-06-05,23298,100,455.00000000000006,22,6,5,4.550000000000001
804,2011-06-05,47566,50,247.5,22,6,5,4.95
805,2011-06-05,79321,6,34.5,22,6,5,5.75
806,2011-06-05,84879,96,162.24,22,6,5,1.6900000000000002
807,2011-06-06,22386,121,217.68,23,0,6,1.79900826446281
808,2011-06-06,22423,15,191.25,23,0,6,12.75
809,2011-06-06,23166,12,15.0,23,0,6,1.25
810,2011-06-06,23298,32,158.4,23,0,6,4.95
811,2011-06-06,47566,30,148.5,23,0,6,4.95
812,2011-06-06,79321,10,57.5,23,0,6,5.75
813,2011-06-06,84879,64,108.16,23,0,6,1.69
814,2011-06-07,21137,8,30.0,23,1,7,3.75
815,2011-06-07,22386,41,85.28,23,1,7,2.08
816,2011-06-07,22423,11,140.25,23,1,7,12.75
817,2011-06-07,23166,12,15.0,23,1,7,1.25
818,2011-06-07,23298,19,94.05000000000001,23,1,7,4.95
819,2011-06-07,47566,38,188.10000000000002,23,1,7,4.95
820,2011-06-07,79321,18,103.5,23,1,7,5.75
821,2011-06-07,84879,44,74.36,23,1,7,1.69
822,2011-06-08,22386,69,143.52,23,2,8,2.08
823,2011-06-08,22423,45,516.15,23,2,8,11.469999999999999
824,2011-06-08,23084,10,20.8,23,2,8,2.08
825,2011-06-08,23166,12,15.0,23,2,8,1.25
826,2011-06-08,23298,106,524.7,23,2,8,4.95
827,2011-06-08,47566,270,1168.5000000000002,23,2,8,4.327777777777778
828,2011-06-08,79321,8,46.0,23,2,8,5.75
829,2011-06-08,84879,104,175.76,23,2,8,1.69
830,2011-06-09,21137,6,22.5,23,3,9,3.75
831,2011-06-09,22386,50,104.0,23,3,9,2.08
832,2011-06-09,22423,49,567.15,23,3,9,11.574489795918367
833,2011-06-09,23084,170,339.68,23,3,9,1.9981176470588236
834,2011-06-09,23166,24,30.0,23,3,9,1.25
835,2011-06-09,23298,51,252.45000000000002,23,3,9,4.95
836,2011-06-09,47566,75,371.25,23,3,9,4.95
837,2011-06-09,79321,9,51.75,23,3,9,5.75
838,2011-06-09,84879,32,54.08,23,3,9,1.69
839,2011-06-10,21137,3,11.25,23,4,10,3.75
840,2011-06-10,22386,110,199.8,23,4,10,1.8163636363636364
841,2011-06-10,22423,58,681.9,23,4,10,11.756896551724138
842,2011-06-10,23084,15,31.200000000000003,23,4,10,2.08
843,2011-06-10,23166,60,64.92,23,4,10,1.082
844,2011-06-10,23298,51,212.45000000000002,23,4,10,4.165686274509804
845,2011-06-10,47566,68,296.6,23,4,10,4.361764705882353
846,2011-06-10,79321,27,136.05,23,4,10,5.03888888888889
847,2011-06-10,84879,40,67.6,23,4,10,1.69
848,2011-06-12,22386,51,106.08,23,6,12,2.08
849,2011-06-12,22423,5,63.75,23,6,12,12.75
850,2011-06-12,23084,2,4.16,23,6,12,2.08
851,2011-06-12,23166,21,26.25,23,6,12,1.25
852,2011-06-12,23298,27,133.65,23,6,12,4.95
853,2011-06-12,47566,20,99.0,23,6,12,4.95
854,2011-06-12,79321,13,74.75,23,6,12,5.75
855,2011-06-12,84879,8,13.52,23,6,12,1.69
856,2011-06-13,21137,368,1250.4,24,0,13,3.3978260869565218
857,2011-06-13,22386,65,135.20000000000002,24,0,13,2.08
858,2011-06-13,22423,10,127.5,24,0,13,12.75
859,2011-06-13,23084,62,115.04,24,0,13,1.8554838709677421
860,2011-06-13,23166,12,15.0,24,0,13,1.25
861,2011-06-13,23298,33,163.35000000000002,24,0,13,4.950000000000001
862,2011-06-13,47566,25,123.75,24,0,13,4.95
863,2011-06-13,79321,5,28.75,24,0,13,5.75
864,2011-06-13,84879,16,27.04,24,0,13,1.69
865,2011-06-14,22386,18,37.44,24,1,14,2.08
866,2011-06-14,22423,7,89.25,24,1,14,12.75
867,2011-06-14,23084,1,2.08,24,1,14,2.08
868,2011-06-14,23298,24,118.80000000000001,24,1,14,4.95
869,2011-06-14,47566,93,420.35,24,1,14,4.51989247311828
870,2011-06-14,79321,24,118.80000000000001,24,1,14,4.95
871,2011-06-14,84879,52,87.88,24,1,14,1.69
872,2011-06-15,21137,193,654.63,24,2,15,3.3918652849740933
873,2011-06-15,22386,25,52.0,24,2,15,2.08
874,2011-06-15,22423,46,441.4,24,2,15,9.595652173913043
875,2011-06-15,23084,366,656.88,24,2,15,1.7947540983606558
876,2011-06-15,23166,108,114.84,24,2,15,1.0633333333333335
877,2011-06-15,23298,34,168.3,24,2,15,4.95
878,2011-06-15,47566,96,435.20000000000005,24,2,15,4.533333333333334
879,2011-06-15,79321,7,40.25,24,2,15,5.75
880,2011-06-15,84879,40,67.6,24,2,15,1.69
881,2011-06-16,21137,301,1025.0700000000002,24,3,16,3.4055481727574755
882,2011-06-16,22386,116,208.28,24,3,16,1.7955172413793103
883,2011-06-16,22423,18,229.5,24,3,16,12.75
884,2011-06-16,23084,36,67.92,24,3,16,1.8866666666666667
885,2011-06-16,23166,5,6.25,24,3,16,1.25
886,2011-06-16,23298,78,341.30000000000007,24,3,16,4.375641025641026
887,2011-06-16,47566,32,158.4,24,3,16,4.95
888,2011-06-16,79321,24,118.80000000000001,24,3,16,4.95
889,2011-06-16,84879,57,96.33,24,3,16,1.69
890,2011-06-17,22423,67,753.4499999999999,24,4,17,11.245522388059701
891,2011-06-17,23084,78,148.32,24,4,17,1.9015384615384614
892,2011-06-17,23298,76,336.20000000000005,24,4,17,4.423684210526316
893,2011-06-17,47566,90,405.50000000000006,24,4,17,4.505555555555556
894,2011-06-17,79321,40,210.8,24,4,17,5.2700000000000005
895,2011-06-17,84879,233,355.37,24,4,17,1.5251931330472104
896,2011-06-19,22386,3,6.24,24,6,19,2.08
897,2011-06-19,22423,6,76.5,24,6,19,12.75
898,2011-06-19,23084,71,133.76,24,6,19,1.8839436619718308
899,2011-06-19,23298,40,198.00000000000003,24,6,19,4.950000000000001
900,2011-06-19,47566,76,376.20000000000005,24,6,19,4.95
901,2011-06-19,84879,40,67.6,24,6,19,1.69
902,2011-06-20,21137,13,48.75,25,0,20,3.75
903,2011-06-20,22386,355,651.4,25,0,20,1.8349295774647887
904,2011-06-20,22423,2,25.5,25,0,20,12.75
905,2011-06-20,23084,86,158.0,25,0,20,1.8372093023255813
906,2011-06-20,23166,12,15.0,25,0,20,1.25
907,2011-06-20,23298,14,69.30000000000001,25,0,20,4.950000000000001
909,2011-06-20,79321,16,92.0,25,0,20,5.75
910,2011-06-20,84879,24,40.56,25,0,20,1.6900000000000002
911,2011-06-21,21137,108,370.44,25,1,21,3.43
912,2011-06-21,22386,122,224.76000000000002,25,1,21,1.8422950819672133
913,2011-06-21,22423,49,567.15,25,1,21,11.574489795918367
914,2011-06-21,23084,31,57.52,25,1,21,1.8554838709677421
915,2011-06-21,23298,11,54.45,25,1,21,4.95
916,2011-06-21,47566,57,242.15000000000003,25,1,21,4.248245614035088
917,2011-06-21,79321,26,130.3,25,1,21,5.011538461538462
918,2011-06-21,84879,82,138.57999999999998,25,1,21,1.6899999999999997
919,2011-06-22,22386,33,68.64,25,2,22,2.08
920,2011-06-22,22423,12,153.0,25,2,22,12.75
921,2011-06-22,23084,375,675.5999999999999,25,2,22,1.8015999999999999
922,2011-06-22,23166,32,40.0,25,2,22,1.25
923,2011-06-22,23298,14,69.30000000000001,25,2,22,4.950000000000001
924,2011-06-22,47566,39,193.05,25,2,22,4.95
925,2011-06-22,84879,60,101.39999999999999,25,2,22,1.69
926,2011-06-23,22086,6,17.700000000000003,25,3,23,2.9500000000000006
927,2011-06-23,22386,26,54.08,25,3,23,2.08
928,2011-06-23,22423,28,328.2,25,3,23,11.721428571428572
929,2011-06-23,23084,22,45.760000000000005,25,3,23,2.08
930,2011-06-23,23166,6,7.5,25,3,23,1.25
931,2011-06-23,23298,131,608.45,25,3,23,4.644656488549619
932,2011-06-23,47566,48,237.60000000000002,25,3,23,4.95
933,2011-06-23,79321,11,63.25,25,3,23,5.75
934,2011-06-23,84879,48,81.12,25,3,23,1.6900000000000002
935,2011-06-24,21137,8,30.0,25,4,24,3.75
936,2011-06-24,22386,50,104.0,25,4,24,2.08
937,2011-06-24,22423,21,238.95,25,4,24,11.378571428571428
938,2011-06-24,23084,84,153.84,25,4,24,1.8314285714285714
939,2011-06-24,23298,12,59.400000000000006,25,4,24,4.95
940,2011-06-24,47566,86,385.70000000000005,25,4,24,4.484883720930233
941,2011-06-24,84879,56,94.64,25,4,24,1.69
942,2011-06-26,22386,10,20.8,25,6,26,2.08
943,2011-06-26,22423,20,255.0,25,6,26,12.75
944,2011-06-26,23084,33,61.68,25,6,26,1.8690909090909091
945,2011-06-26,23166,2,2.5,25,6,26,1.25
946,2011-06-26,23298,9,44.550000000000004,25,6,26,4.95
947,2011-06-26,79321,4,23.0,25,6,26,5.75
948,2011-06-27,21137,120,406.8,26,0,27,3.39
949,2011-06-27,22386,110,194.8,26,0,27,1.770909090909091
950,2011-06-27,22423,4,51.0,26,0,27,12.75
951,2011-06-27,23084,14,29.12,26,0,27,2.08
952,2011-06-27,23166,4,5.0,26,0,27,1.25
953,2011-06-27,23298,21,103.95,26,0,27,4.95
954,2011-06-27,47566,14,69.3,26,0,27,4.95
955,2011-06-27,79321,51,254.85000000000002,26,0,27,4.997058823529412
956,2011-06-27,84879,60,101.39999999999999,26,0,27,1.69
957,2011-06-28,22086,320,816.0,26,1,28,2.55
958,2011-06-28,22386,110,199.8,26,1,28,1.8163636363636364
959,2011-06-28,22423,8,102.0,26,1,28,12.75
960,2011-06-28,23298,46,227.70000000000002,26,1,28,4.95
961,2011-06-28,47566,22,108.9,26,1,28,4.95
962,2011-06-28,79321,56,283.6,26,1,28,5.064285714285715
963,2011-06-28,84879,40,67.6,26,1,28,1.69
964,2011-06-29,22086,11,32.45,26,2,29,2.95
965,2011-06-29,22386,40,83.2,26,2,29,2.08
966,2011-06-29,22423,2,25.5,26,2,29,12.75
967,2011-06-29,23084,24,42.96,26,2,29,1.79
968,2011-06-29,23298,5,24.75,26,2,29,4.95
969,2011-06-29,47566,31,153.45,26,2,29,4.949999999999999
970,2011-06-29,84879,96,162.23999999999998,26,2,29,1.6899999999999997
971,2011-06-30,21137,40,141.36,26,3,30,3.5340000000000003
972,2011-06-30,22386,130,237.4,26,3,30,1.8261538461538462
973,2011-06-30,22423,13,165.75,26,3,30,12.75
974,2011-06-30,23084,94,170.0,26,3,30,1.8085106382978724
975,2011-06-30,23166,3,3.75,26,3,30,1.25
976,2011-06-30,23298,56,277.20000000000005,26,3,30,4.950000000000001
977,2011-06-30,47566,73,361.35,26,3,30,4.95
978,2011-06-30,79321,3,17.25,26,3,30,5.75
979,2011-06-30,84879,56,94.64,26,3,30,1.69
980,2011-07-01,21137,76,259.08000000000004,26,4,1,3.408947368421053
981,2011-07-01,22386,35,72.8,26,4,1,2.08
982,2011-07-01,22423,23,264.45,26,4,1,11.497826086956522
983,2011-07-01,23084,6,12.48,26,4,1,2.08
984,2011-07-01,23298,15,74.25,26,4,1,4.95
985,2011-07-01,47566,24,118.80000000000001,26,4,1,4.95
986,2011-07-01,84879,16,27.04,26,4,1,1.69
987,2011-07-03,22086,30,88.50000000000001,26,6,3,2.9500000000000006
988,2011-07-03,22386,4,8.32,26,6,3,2.08
989,2011-07-03,22423,22,251.7,26,6,3,11.44090909090909
990,2011-07-03,23084,3,6.24,26,6,3,2.08
991,2011-07-03,23298,25,123.75000000000001,26,6,3,4.95
992,2011-07-03,47566,24,118.80000000000001,26,6,3,4.95
993,2011-07-04,21137,2,7.5,27,0,4,3.75
994,2011-07-04,22423,14,178.5,27,0,4,12.75
995,2011-07-04,23084,72,128.88,27,0,4,1.79
996,2011-07-04,23166,3,3.75,27,0,4,1.25
997,2011-07-04,23298,21,103.95000000000002,27,0,4,4.950000000000001
998,2011-07-04,47566,59,252.05,27,0,4,4.272033898305085
999,2011-07-04,84879,24,40.56,27,0,4,1.6900000000000002
1000,2011-07-05,21137,20,75.0,27,1,5,3.75
1001,2011-07-05,22086,18,53.10000000000001,27,1,5,2.9500000000000006
1002,2011-07-05,22386,30,62.400000000000006,27,1,5,2.08
1003,2011-07-05,22423,15,191.25,27,1,5,12.75
1004,2011-07-05,23166,48,49.92,27,1,5,1.04
1005,2011-07-05,23298,115,489.25000000000006,27,1,5,4.254347826086957
1006,2011-07-05,47566,193,875.3500000000001,27,1,5,4.535492227979275
1007,2011-07-05,84879,92,155.48,27,1,5,1.69
1008,2011-07-06,21137,5,18.75,27,2,6,3.75
1009,2011-07-06,22386,12,24.96,27,2,6,2.08
1010,2011-07-06,22423,24,277.2,27,2,6,11.549999999999999
1011,2011-07-06,23084,21,43.68,27,2,6,2.08
1012,2011-07-06,23166,24,30.0,27,2,6,1.25
1013,2011-07-06,23298,55,272.25,27,2,6,4.95
1014,2011-07-06,47566,30,148.5,27,2,6,4.95
1015,2011-07-06,79321,3,17.25,27,2,6,5.75
1016,2011-07-06,84879,128,216.32,27,2,6,1.69
1017,2011-07-07,22386,212,382.96000000000004,27,3,7,1.8064150943396229
1018,2011-07-07,22423,29,340.95,27,3,7,11.756896551724138
1019,2011-07-07,23298,113,519.35,27,3,7,4.596017699115045
1020,2011-07-07,47566,291,1240.45,27,3,7,4.262714776632302
1021,2011-07-07,79321,8,46.0,27,3,7,5.75
1022,2011-07-07,84879,120,202.8,27,3,7,1.6900000000000002
1023,2011-07-08,21137,48,162.72,27,4,8,3.39
1024,2011-07-08,22386,142,266.36,27,4,8,1.875774647887324
1025,2011-07-08,22423,10,127.5,27,4,8,12.75
1026,2011-07-08,23298,12,59.400000000000006,27,4,8,4.95
1027,2011-07-08,47566,190,820.5,27,4,8,4.318421052631579
1028,2011-07-08,84879,64,108.16,27,4,8,1.69
1029,2011-07-10,21137,12,45.0,27,6,10,3.75
1030,2011-07-10,23084,14,29.12,27,6,10,2.08
1031,2011-07-10,23298,7,34.650000000000006,27,6,10,4.950000000000001
1032,2011-07-10,47566,2,9.9,27,6,10,4.95
1033,2011-07-10,79321,2,11.5,27,6,10,5.75
1034,2011-07-10,84879,16,27.04,27,6,10,1.69
1035,2011-07-11,22386,10,20.8,28,0,11,2.08
1036,2011-07-11,22423,14,178.5,28,0,11,12.75
1037,2011-07-11,23166,2,2.5,28,0,11,1.25
1038,2011-07-11,23298,70,306.50000000000006,28,0,11,4.378571428571429
1039,2011-07-11,47566,134,583.3000000000001,28,0,11,4.352985074626866
1040,2011-07-11,79321,6,34.5,28,0,11,5.75
1041,2011-07-11,84879,119,201.10999999999999,28,0,11,1.69
1042,2011-07-12,22386,104,187.32,28,1,12,1.801153846153846
1043,2011-07-12,22423,35,388.65,28,1,12,11.104285714285714
1044,2011-07-12,23166,16,20.0,28,1,12,1.25
1045,2011-07-12,23298,7,34.650000000000006,28,1,12,4.950000000000001
1046,2011-07-12,47566,16,79.2,28,1,12,4.95
1047,2011-07-12,79321,2,11.5,28,1,12,5.75
1048,2011-07-12,84879,8,13.52,28,1,12,1.69
1049,2011-07-13,21137,72,244.07999999999998,28,2,13,3.3899999999999997
1050,2011-07-13,22386,44,91.52000000000001,28,2,13,2.08
1051,2011-07-13,22423,2,25.5,28,2,13,12.75
1052,2011-07-13,23084,120,214.8,28,2,13,1.79
1053,2011-07-13,23166,60,64.92,28,2,13,1.082
1054,2011-07-13,23298,32,158.4,28,2,13,4.95
1055,2011-07-13,47566,28,138.6,28,2,13,4.95
1056,2011-07-13,84879,82,138.57999999999998,28,2,13,1.6899999999999997
1057,2011-07-14,21137,4,15.0,28,3,14,3.75
1058,2011-07-14,22086,12,35.400000000000006,28,3,14,2.9500000000000006
1059,2011-07-14,22386,11,22.880000000000003,28,3,14,2.08
1061,2011-07-14,23298,54,267.3,28,3,14,4.95
1062,2011-07-14,47566,57,282.15000000000003,28,3,14,4.95
1063,2011-07-14,79321,2,11.5,28,3,14,5.75
1064,2011-07-14,84879,64,108.15999999999998,28,3,14,1.6899999999999997
1065,2011-07-15,21137,24,81.36,28,4,15,3.39
1066,2011-07-15,22086,1,2.95,28,4,15,2.95
1067,2011-07-15,22386,12,24.96,28,4,15,2.08
1068,2011-07-15,22423,7,89.25,28,4,15,12.75
1069,2011-07-15,23166,12,15.0,28,4,15,1.25
1070,2011-07-15,23298,18,89.10000000000001,28,4,15,4.95
1071,2011-07-15,47566,74,326.3,28,4,15,4.40945945945946
1072,2011-07-15,79321,12,69.0,28,4,15,5.75
1073,2011-07-15,84879,16,27.04,28,4,15,1.69
1074,2011-07-17,22386,115,210.20000000000002,28,6,17,1.827826086956522
1075,2011-07-17,22423,11,140.25,28,6,17,12.75
1076,2011-07-17,23298,36,178.20000000000002,28,6,17,4.95
1077,2011-07-17,47566,17,84.15,28,6,17,4.95
1078,2011-07-17,79321,4,23.0,28,6,17,5.75
1079,2011-07-17,84879,73,123.37,28,6,17,1.6900000000000002
1080,2011-07-18,22086,18,53.1,29,0,18,2.95
1081,2011-07-18,22386,25,52.0,29,0,18,2.08
1082,2011-07-18,22423,20,226.2,29,0,18,11.309999999999999
1083,2011-07-18,23298,38,188.10000000000002,29,0,18,4.95
1084,2011-07-18,47566,86,385.70000000000005,29,0,18,4.484883720930233
1085,2011-07-18,79321,4,23.0,29,0,18,5.75
1086,2011-07-18,84879,74,125.06,29,0,18,1.69
1087,2011-07-19,21137,1,3.75,29,1,19,3.75
1088,2011-07-19,22386,140,253.5,29,1,19,1.8107142857142857
1089,2011-07-19,22423,49,556.3499999999999,29,1,19,11.35408163265306
1090,2011-07-19,23166,1,1.25,29,1,19,1.25
1092,2011-07-19,47566,235,1057.65,29,1,19,4.5006382978723405
1093,2011-07-19,79321,12,59.400000000000006,29,1,19,4.95
1094,2011-07-19,84879,134,226.45999999999998,29,1,19,1.69
1095,2011-07-20,21137,72,244.07999999999998,29,2,20,3.3899999999999997
1096,2011-07-20,22086,1,2.95,29,2,20,2.95
1097,2011-07-20,22386,25,52.0,29,2,20,2.08
1098,2011-07-20,22423,25,289.95,29,2,20,11.597999999999999
1099,2011-07-20,23298,180,771.0,29,2,20,4.283333333333333
1100,2011-07-20,47566,245,1044.75,29,2,20,4.264285714285714
1101,2011-07-20,79321,61,312.35,29,2,20,5.120491803278689
1102,2011-07-20,84879,18,30.419999999999998,29,2,20,1.69
1103,2011-07-21,22086,6,17.700000000000003,29,3,21,2.9500000000000006
1104,2011-07-21,22386,40,83.2,29,3,21,2.08
1105,2011-07-21,22423,96,1080.0,29,3,21,11.25
1106,2011-07-21,23166,48,49.92,29,3,21,1.04
1107,2011-07-21,23298,71,311.45000000000005,29,3,21,4.38661971830986
1108,2011-07-21,47566,136,608.2,29,3,21,4.472058823529412
1109,2011-07-21,79321,24,118.80000000000001,29,3,21,4.95
1110,2011-07-21,84879,160,270.4,29,3,21,1.69
1111,2011-07-22,21137,108,370.44,29,4,22,3.43
1112,2011-07-22,22386,22,45.760000000000005,29,4,22,2.08
1113,2011-07-22,22423,81,903.15,29,4,22,11.15
1114,2011-07-22,23298,29,143.55,29,4,22,4.95
1115,2011-07-22,47566,68,296.6,29,4,22,4.361764705882353
1116,2011-07-22,79321,24,118.80000000000001,29,4,22,4.95
1117,2011-07-22,84879,56,94.64,29,4,22,1.69
1118,2011-07-24,21137,72,244.08,29,6,24,3.39
1119,2011-07-24,22086,2,5.9,29,6,24,2.95
1120,2011-07-24,22386,32,66.56,29,6,24,2.08
1121,2011-07-24,22423,53,589.3499999999999,29,6,24,11.119811320754716
1122,2011-07-24,23166,144,149.76,29,6,24,1.04
1123,2011-07-24,23298,28,138.60000000000002,29,6,24,4.950000000000001
1124,2011-07-24,47566,28,138.6,29,6,24,4.95
1125,2011-07-24,84879,69,116.61,29,6,24,1.69
1126,2011-07-25,22386,40,83.2,30,0,25,2.08
1127,2011-07-25,22423,18,200.7,30,0,25,11.149999999999999
1128,2011-07-25,23298,32,158.4,30,0,25,4.95
1129,2011-07-25,47566,24,118.80000000000001,30,0,25,4.95
1130,2011-07-25,79321,3,17.25,30,0,25,5.75
1131,2011-07-25,84879,104,175.76,30,0,25,1.69
1132,2011-07-26,21137,28,96.36,30,1,26,3.4414285714285713
1133,2011-07-26,22086,22,64.9,30,1,26,2.95
1134,2011-07-26,22386,3,6.24,30,1,26,2.08
1135,2011-07-26,22423,13,165.75,30,1,26,12.75
1136,2011-07-26,23298,19,94.05000000000001,30,1,26,4.95
1137,2011-07-26,47566,49,242.55,30,1,26,4.95
1138,2011-07-26,79321,24,118.80000000000001,30,1,26,4.95
1139,2011-07-26,84879,16,27.04,30,1,26,1.69
1140,2011-07-27,21137,9,33.75,30,2,27,3.75
1141,2011-07-27,22086,6,17.700000000000003,30,2,27,2.9500000000000006
1142,2011-07-27,22386,134,249.72000000000003,30,2,27,1.863582089552239
1143,2011-07-27,22423,6,76.5,30,2,27,12.75
1144,2011-07-27,23166,12,15.0,30,2,27,1.25
1145,2011-07-27,23298,45,198.75000000000003,30,2,27,4.416666666666667
1146,2011-07-27,47566,150,662.5000000000001,30,2,27,4.416666666666668
1148,2011-07-27,84879,56,94.64,30,2,27,1.69
1149,2011-07-28,21137,30,103.86,30,3,28,3.462
1150,2011-07-28,22086,190,496.5,30,3,28,2.613157894736842
1151,2011-07-28,22386,126,228.07999999999998,30,3,28,1.81015873015873
1153,2011-07-28,23166,60,64.92,30,3,28,1.082
1154,2011-07-28,23298,11,54.45,30,3,28,4.95
1155,2011-07-28,47566,81,360.95000000000005,30,3,28,4.4561728395061735
1156,2011-07-28,79321,52,260.6,30,3,28,5.011538461538462
1157,2011-07-28,84879,48,81.12,30,3,28,1.6900000000000002
1158,2011-07-29,21137,48,162.72,30,4,29,3.39
1159,2011-07-29,22086,6,17.700000000000003,30,4,29,2.9500000000000006
1160,2011-07-29,22386,31,64.48,30,4,29,2.08
1161,2011-07-29,22423,19,242.25,30,4,29,12.75
1162,2011-07-29,23298,27,133.65,30,4,29,4.95
1163,2011-07-29,47566,38,188.10000000000002,30,4,29,4.95
1164,2011-07-29,79321,4,23.0,30,4,29,5.75
1165,2011-07-29,84879,144,243.36,30,4,29,1.6900000000000002
1166,2011-07-31,22086,62,166.9,30,6,31,2.6919354838709677
1167,2011-07-31,22386,22,45.760000000000005,30,6,31,2.08
1168,2011-07-31,22423,18,200.7,30,6,31,11.149999999999999
1169,2011-07-31,23166,288,360.0,30,6,31,1.25
1170,2011-07-31,23298,21,103.95000000000002,30,6,31,4.950000000000001
1171,2011-07-31,47566,26,128.70000000000002,30,6,31,4.950000000000001
1172,2011-07-31,79321,36,187.8,30,6,31,5.216666666666667
1173,2011-07-31,84879,64,108.16,30,6,31,1.69
1174,2011-08-01,22386,33,68.64,31,0,1,2.08
1175,2011-08-01,22423,11,140.25,31,0,1,12.75
1176,2011-08-01,23166,27,33.75,31,0,1,1.25
1177,2011-08-01,23298,11,54.45,31,0,1,4.95
1178,2011-08-01,47566,20,99.00000000000001,31,0,1,4.950000000000001
1179,2011-08-01,79321,4,23.0,31,0,1,5.75
1180,2011-08-01,84879,80,135.2,31,0,1,1.69
1181,2011-08-02,22086,46,119.7,31,1,2,2.6021739130434782
1182,2011-08-02,22386,20,41.6,31,1,2,2.08
1183,2011-08-02,22423,6,76.5,31,1,2,12.75
1184,2011-08-02,23166,41,51.25,31,1,2,1.25
1185,2011-08-02,23298,40,198.0,31,1,2,4.95
1186,2011-08-02,47566,20,99.0,31,1,2,4.95
1187,2011-08-02,79321,52,260.6,31,1,2,5.011538461538462
1188,2011-08-02,84879,8,13.52,31,1,2,1.69
1189,2011-08-03,22086,44,113.8,31,2,3,2.5863636363636364
1190,2011-08-03,22386,21,43.68,31,2,3,2.08
1191,2011-08-03,22423,28,357.0,31,2,3,12.75
1192,2011-08-03,23166,16,20.0,31,2,3,1.25
1193,2011-08-03,23298,25,123.75000000000001,31,2,3,4.95
1194,2011-08-03,47566,48,237.60000000000002,31,2,3,4.95
1195,2011-08-03,84879,82,138.57999999999998,31,2,3,1.6899999999999997
1196,2011-08-04,22086,144,376.8,31,3,4,2.6166666666666667
1197,2011-08-04,22386,133,247.64,31,3,4,1.861954887218045
1198,2011-08-04,22423,79,895.65,31,3,4,11.337341772151898
1199,2011-08-04,23166,36,45.0,31,3,4,1.25
1200,2011-08-04,23298,103,469.85,31,3,4,4.5616504854368936
1201,2011-08-04,47566,221,933.95,31,3,4,4.226018099547511
1202,2011-08-04,79321,24,118.80000000000001,31,3,4,4.95
1204,2011-08-05,22086,46,119.7,31,4,5,2.6021739130434782
1205,2011-08-05,22386,160,298.8,31,4,5,1.8675000000000002
1206,2011-08-05,22423,20,226.2,31,4,5,11.309999999999999
1207,2011-08-05,23298,28,138.60000000000002,31,4,5,4.950000000000001
1208,2011-08-05,47566,18,89.1,31,4,5,4.949999999999999
1209,2011-08-05,79321,3,17.25,31,4,5,5.75
1210,2011-08-05,84879,70,118.3,31,4,5,1.69
1211,2011-08-07,22386,10,20.8,31,6,7,2.08
1212,2011-08-07,22423,21,238.95,31,6,7,11.378571428571428
1213,2011-08-07,23298,36,178.20000000000002,31,6,7,4.95
1214,2011-08-07,47566,15,74.25,31,6,7,4.95
1215,2011-08-07,84879,161,233.69,31,6,7,1.4514906832298136
1216,2011-08-08,22386,15,31.200000000000003,32,0,8,2.08
1217,2011-08-08,22423,57,640.3499999999999,32,0,8,11.234210526315788
1218,2011-08-08,23298,33,163.35000000000002,32,0,8,4.950000000000001
1219,2011-08-08,47566,52,257.40000000000003,32,0,8,4.950000000000001
1220,2011-08-08,79321,4,23.0,32,0,8,5.75
1221,2011-08-08,84879,88,148.72,32,0,8,1.69
1222,2011-08-09,22386,74,153.92000000000002,32,1,9,2.08
1223,2011-08-09,22423,22,251.7,32,1,9,11.44090909090909
1224,2011-08-09,23166,24,30.0,32,1,9,1.25
1225,2011-08-09,23298,121,518.95,32,1,9,4.288842975206612
1226,2011-08-09,47566,46,227.70000000000002,32,1,9,4.95
1227,2011-08-09,84879,32,54.08,32,1,9,1.69
1228,2011-08-10,21137,25,85.11,32,2,10,3.4044
1229,2011-08-10,22386,160,303.8,32,2,10,1.8987500000000002
1230,2011-08-10,22423,25,289.95,32,2,10,11.597999999999999
1231,2011-08-10,23166,14,17.5,32,2,10,1.25
1232,2011-08-10,23298,27,133.65,32,2,10,4.95
1233,2011-08-10,47566,80,356.00000000000006,32,2,10,4.450000000000001
1234,2011-08-10,79321,49,243.35000000000002,32,2,10,4.966326530612245
1235,2011-08-10,84879,88,148.72,32,2,10,1.69
1236,2011-08-11,22086,12,35.400000000000006,32,3,11,2.9500000000000006
1237,2011-08-11,22386,161,305.88,32,3,11,1.8998757763975156
1238,2011-08-11,22423,42,477.9,32,3,11,11.378571428571428
1239,2011-08-11,23166,12,15.0,32,3,11,1.25
1240,2011-08-11,23298,18,89.10000000000001,32,3,11,4.95
1241,2011-08-11,47566,78,346.1,32,3,11,4.437179487179487
1243,2011-08-12,21137,48,162.72,32,4,12,3.39
1244,2011-08-12,22386,10,20.8,32,4,12,2.08
1245,2011-08-12,22423,18,200.7,32,4,12,11.149999999999999
1246,2011-08-12,23166,4,5.0,32,4,12,1.25
1247,2011-08-12,23298,6,29.700000000000003,32,4,12,4.95
1248,2011-08-12,47566,8,39.6,32,4,12,4.95
1249,2011-08-12,79321,72,356.40000000000003,32,4,12,4.95
1250,2011-08-12,84879,32,54.08,32,4,12,1.69
1251,2011-08-14,22086,9,26.550000000000004,32,6,14,2.9500000000000006
1252,2011-08-14,22386,39,81.12,32,6,14,2.08
1253,2011-08-14,23298,10,49.50000000000001,32,6,14,4.950000000000001
1254,2011-08-14,79321,3,17.25,32,6,14,5.75
1255,2011-08-14,84879,11,18.59,32,6,14,1.69
1256,2011-08-15,21137,48,162.72,33,0,15,3.39
1257,2011-08-15,22386,22,45.760000000000005,33,0,15,2.08
1258,2011-08-15,22423,35,417.45,33,0,15,11.927142857142856
1259,2011-08-15,23166,9,11.25,33,0,15,1.25
1260,2011-08-15,23298,37,183.15,33,0,15,4.95
1261,2011-08-15,47566,16,79.2,33,0,15,4.95
1262,2011-08-15,84879,64,108.16,33,0,15,1.69
1263,2011-08-16,22386,25,52.0,33,1,16,2.08
1264,2011-08-16,22423,5,63.75,33,1,16,12.75
1265,2011-08-16,23298,10,49.5,33,1,16,4.95
1266,2011-08-16,47566,39,193.05,33,1,16,4.95
1267,2011-08-16,84879,60,101.4,33,1,16,1.6900000000000002
1268,2011-08-17,21137,1,3.75,33,2,17,3.75
1269,2011-08-17,22086,16,47.2,33,2,17,2.95
1270,2011-08-17,22386,113,206.04,33,2,17,1.823362831858407
1271,2011-08-17,22423,36,401.4,33,2,17,11.149999999999999
1272,2011-08-17,23298,258,1124.1000000000001,33,2,17,4.356976744186047
1273,2011-08-17,47566,115,529.25,33,2,17,4.602173913043479
1274,2011-08-17,79321,5,28.75,33,2,17,5.75
1275,2011-08-17,84879,32,54.08,33,2,17,1.69
1276,2011-08-18,21137,168,569.52,33,3,18,3.3899999999999997
1277,2011-08-18,22386,171,322.68,33,3,18,1.8870175438596493
1278,2011-08-18,22423,109,1245.75,33,3,18,11.428899082568808
1279,2011-08-18,23166,108,114.84,33,3,18,1.0633333333333335
1280,2011-08-18,23298,134,583.3000000000001,33,3,18,4.352985074626866
1281,2011-08-18,47566,112,474.40000000000003,33,3,18,4.235714285714286
1282,2011-08-18,79321,48,237.60000000000002,33,3,18,4.95
1283,2011-08-18,84879,95,160.54999999999998,33,3,18,1.6899999999999997
1284,2011-08-19,21137,5,18.75,33,4,19,3.75
1285,2011-08-19,22086,6,17.700000000000003,33,4,19,2.9500000000000006
1286,2011-08-19,22386,30,62.400000000000006,33,4,19,2.08
1287,2011-08-19,22423,7,89.25,33,4,19,12.75
1288,2011-08-19,23166,24,30.0,33,4,19,1.25
1289,2011-08-19,23298,42,207.90000000000003,33,4,19,4.950000000000001
1290,2011-08-19,47566,46,227.70000000000002,33,4,19,4.95
1291,2011-08-19,84879,224,340.15999999999997,33,4,19,1.5185714285714285
1292,2011-08-21,21137,48,162.72,33,6,21,3.39
1293,2011-08-21,22086,10,29.500000000000004,33,6,21,2.95
1294,2011-08-21,22386,203,364.24,33,6,21,1.7942857142857143
1295,2011-08-21,22423,10,127.5,33,6,21,12.75
1296,2011-08-21,23298,38,188.10000000000002,33,6,21,4.95
1297,2011-08-21,47566,43,212.85000000000002,33,6,21,4.95
1298,2011-08-21,79321,1,5.75,33,6,21,5.75
1299,2011-08-21,84879,81,136.89,33,6,21,1.6899999999999997
1300,2011-08-22,21137,4,15.0,34,0,22,3.75
1301,2011-08-22,22086,6,17.700000000000003,34,0,22,2.9500000000000006
1302,2011-08-22,22386,86,178.88,34,0,22,2.08
1303,2011-08-22,22423,119,1315.6499999999999,34,0,22,11.055882352941175
1304,2011-08-22,23166,12,15.0,34,0,22,1.25
1305,2011-08-22,23298,52,257.40000000000003,34,0,22,4.950000000000001
1306,2011-08-22,47566,27,133.65,34,0,22,4.95
1307,2011-08-22,79321,13,74.75,34,0,22,5.75
1308,2011-08-22,84879,206,309.74,34,0,22,1.5035922330097087
1309,2011-08-23,22086,1,2.95,34,1,23,2.95
1310,2011-08-23,22386,60,124.80000000000001,34,1,23,2.08
1311,2011-08-23,22423,16,204.0,34,1,23,12.75
1312,2011-08-23,23166,25,31.25,34,1,23,1.25
1313,2011-08-23,23298,83,370.85,34,1,23,4.468072289156627
1314,2011-08-23,47566,119,549.0500000000001,34,1,23,4.613865546218488
1315,2011-08-23,79321,3,17.25,34,1,23,5.75
1316,2011-08-23,84879,48,81.12,34,1,23,1.6900000000000002
1317,2011-08-24,21137,4,15.0,34,2,24,3.75
1318,2011-08-24,22086,8,23.6,34,2,24,2.95
1319,2011-08-24,22386,400,707.0,34,2,24,1.7675
1320,2011-08-24,22423,31,366.45,34,2,24,11.820967741935483
1321,2011-08-24,23084,4,8.32,34,2,24,2.08
1322,2011-08-24,23166,12,15.0,34,2,24,1.25
1323,2011-08-24,23298,131,568.45,34,2,24,4.339312977099237
1324,2011-08-24,47566,56,237.20000000000002,34,2,24,4.235714285714286
1325,2011-08-24,79321,1,5.75,34,2,24,5.75
1326,2011-08-24,84879,96,162.24,34,2,24,1.6900000000000002
1327,2011-08-25,21137,12,45.0,34,3,25,3.75
1328,2011-08-25,22386,3,6.24,34,3,25,2.08
1329,2011-08-25,22423,33,391.95,34,3,25,11.877272727272727
1330,2011-08-25,23298,34,168.3,34,3,25,4.95
1331,2011-08-25,47566,124,533.8000000000001,34,3,25,4.30483870967742
1332,2011-08-25,79321,8,46.0,34,3,25,5.75
1333,2011-08-25,84879,400,599.2,34,3,25,1.4980000000000002
1334,2011-08-26,22086,12,35.400000000000006,34,4,26,2.9500000000000006
1335,2011-08-26,22386,20,41.6,34,4,26,2.08
1336,2011-08-26,22423,26,302.7,34,4,26,11.642307692307693
1337,2011-08-26,23084,480,998.4000000000001,34,4,26,2.08
1338,2011-08-26,23166,24,30.0,34,4,26,1.25
1339,2011-08-26,23298,26,128.70000000000002,34,4,26,4.950000000000001
1340,2011-08-26,47566,41,202.95000000000002,34,4,26,4.95
1341,2011-08-26,79321,24,118.80000000000001,34,4,26,4.95
1342,2011-08-26,84879,40,67.6,34,4,26,1.69
1343,2011-08-28,22386,16,33.28,34,6,28,2.08
1344,2011-08-28,23084,279,503.76,34,6,28,1.8055913978494624
1345,2011-08-28,23166,5,6.25,34,6,28,1.25
1346,2011-08-28,23298,6,29.700000000000003,34,6,28,4.95
1347,2011-08-28,47566,9,44.550000000000004,34,6,28,4.95
1348,2011-08-28,79321,51,254.85000000000002,34,6,28,4.997058823529412
1349,2011-08-28,84879,60,101.4,34,6,28,1.6900000000000002
1350,2011-08-30,22086,80,204.0,35,1,30,2.55
1351,2011-08-30,22386,1,2.08,35,1,30,2.08
1352,2011-08-30,23084,264,472.56,35,1,30,1.79
1353,2011-08-30,23166,12,15.0,35,1,30,1.25
1354,2011-08-30,23298,21,103.95,35,1,30,4.95
1355,2011-08-30,47566,26,128.70000000000002,35,1,30,4.950000000000001
1356,2011-08-30,84879,8,13.52,35,1,30,1.69
1357,2011-08-31,22086,40,102.0,35,2,31,2.55
1358,2011-08-31,22386,110,199.8,35,2,31,1.8163636363636364
1359,2011-08-31,22423,19,213.45,35,2,31,11.234210526315788
1361,2011-08-31,23298,21,103.95,35,2,31,4.95
1362,2011-08-31,84879,16,27.04,35,2,31,1.69
1363,2011-09-01,22086,40,102.0,35,3,1,2.55
1364,2011-09-01,22386,34,64.92,35,3,1,1.9094117647058824
1365,2011-09-01,22423,66,783.9,35,3,1,11.877272727272727
1366,2011-09-01,23084,78,148.32,35,3,1,1.9015384615384614
1367,2011-09-01,23298,35,173.25,35,3,1,4.95
1368,2011-09-01,47566,64,316.8,35,3,1,4.95
1369,2011-09-01,79321,36,178.20000000000002,35,3,1,4.95
1370,2011-09-01,84879,96,162.24,35,3,1,1.6900000000000002
1371,2011-09-02,21137,96,325.44,35,4,2,3.39
1372,2011-09-02,22086,3,11.690000000000001,35,4,2,3.896666666666667
1373,2011-09-02,22386,35,72.8,35,4,2,2.08
1374,2011-09-02,22423,37,442.95,35,4,2,11.97162162162162
1375,2011-09-02,23084,6,12.48,35,4,2,2.08
1376,2011-09-02,23298,21,103.95000000000002,35,4,2,4.950000000000001
1377,2011-09-02,47566,12,59.400000000000006,35,4,2,4.95
1378,2011-09-02,79321,168,831.6000000000001,35,4,2,4.950000000000001
1379,2011-09-02,84879,8,13.52,35,4,2,1.69
1380,2011-09-04,21137,76,259.08000000000004,35,6,4,3.408947368421053
1381,2011-09-04,22086,24,70.80000000000001,35,6,4,2.9500000000000006
1382,2011-09-04,22386,23,47.84,35,6,4,2.08
1383,2011-09-04,22423,6,76.5,35,6,4,12.75
1384,2011-09-04,23166,6,7.5,35,6,4,1.25
1385,2011-09-04,23298,22,108.9,35,6,4,4.95
1386,2011-09-04,47566,39,193.05,35,6,4,4.95
1387,2011-09-04,84879,80,135.2,35,6,4,1.69
1388,2011-09-05,21137,4,15.0,36,0,5,3.75
1389,2011-09-05,22086,210,555.5,36,0,5,2.645238095238095
1390,2011-09-05,22386,143,268.44,36,0,5,1.8772027972027971
1391,2011-09-05,22423,18,200.7,36,0,5,11.149999999999999
1392,2011-09-05,23166,18,22.5,36,0,5,1.25
1393,2011-09-05,23298,19,94.05000000000001,36,0,5,4.95
1394,2011-09-05,47566,109,481.95,36,0,5,4.421559633027523
1395,2011-09-05,79321,2,11.5,36,0,5,5.75
1396,2011-09-05,84879,40,67.6,36,0,5,1.69
1397,2011-09-06,22086,24,70.80000000000001,36,1,6,2.9500000000000006
1398,2011-09-06,22386,111,201.88,36,1,6,1.8187387387387386
1399,2011-09-06,22423,21,238.95,36,1,6,11.378571428571428
1400,2011-09-06,23166,96,99.84,36,1,6,1.04
1401,2011-09-06,23298,8,39.6,36,1,6,4.95
1402,2011-09-06,47566,66,286.70000000000005,36,1,6,4.343939393939395
1403,2011-09-06,79321,1,5.75,36,1,6,5.75
1404,2011-09-06,84879,88,148.72,36,1,6,1.69
1405,2011-09-07,22086,12,35.400000000000006,36,2,7,2.9500000000000006
1406,2011-09-07,22386,155,293.4,36,2,7,1.8929032258064515
1407,2011-09-07,22423,12,153.0,36,2,7,12.75
1408,2011-09-07,23298,20,99.0,36,2,7,4.95
1409,2011-09-07,47566,8,39.6,36,2,7,4.95
1410,2011-09-07,84879,72,121.67999999999999,36,2,7,1.69
1411,2011-09-08,22086,9,26.550000000000004,36,3,8,2.9500000000000006
1412,2011-09-08,22386,74,153.92000000000002,36,3,8,2.08
1413,2011-09-08,22423,19,213.45,36,3,8,11.234210526315788
1414,2011-09-08,23298,9,44.550000000000004,36,3,8,4.95
1415,2011-09-08,47566,8,39.6,36,3,8,4.95
1416,2011-09-08,79321,12,69.0,36,3,8,5.75
1417,2011-09-08,84879,128,216.32,36,3,8,1.69
1418,2011-09-09,22086,24,70.80000000000001,36,4,9,2.9500000000000006
1419,2011-09-09,22386,20,41.6,36,4,9,2.08
1420,2011-09-09,22423,5,63.75,36,4,9,12.75
1421,2011-09-09,23166,12,15.0,36,4,9,1.25
1422,2011-09-09,23298,36,178.20000000000002,36,4,9,4.95
1423,2011-09-09,47566,7,34.650000000000006,36,4,9,4.950000000000001
1424,2011-09-09,84879,40,67.6,36,4,9,1.69
1425,2011-09-11,21137,100,340.44,36,6,11,3.4044
1426,2011-09-11,22086,211,558.45,36,6,11,2.6466824644549765
1427,2011-09-11,22386,117,214.36,36,6,11,1.8321367521367522
1428,2011-09-11,22423,64,729.5999999999999,36,6,11,11.399999999999999
1429,2011-09-11,23298,10,49.5,36,6,11,4.95
1430,2011-09-11,47566,27,133.65,36,6,11,4.95
1431,2011-09-11,79321,49,243.35000000000002,36,6,11,4.966326530612245
1432,2011-09-11,84879,104,175.76,36,6,11,1.69
1433,2011-09-12,21137,32,111.36,37,0,12,3.48
1434,2011-09-12,22086,118,332.1,37,0,12,2.814406779661017
1435,2011-09-12,22386,2,4.16,37,0,12,2.08
1436,2011-09-12,22423,56,656.4,37,0,12,11.721428571428572
1437,2011-09-12,23166,12,15.0,37,0,12,1.25
1438,2011-09-12,23298,7,34.65,37,0,12,4.95
1439,2011-09-12,47566,18,89.1,37,0,12,4.949999999999999
1440,2011-09-12,79321,34,176.3,37,0,12,5.185294117647059
1441,2011-09-12,84879,40,67.6,37,0,12,1.69
1442,2011-09-13,22086,165,444.43,37,1,13,2.6935151515151516
1443,2011-09-13,22386,327,593.16,37,1,13,1.8139449541284403
1444,2011-09-13,22423,56,656.4,37,1,13,11.721428571428572
1445,2011-09-13,23298,40,198.0,37,1,13,4.95
1446,2011-09-13,47566,71,311.45000000000005,37,1,13,4.38661971830986
1447,2011-09-13,79321,100,498.20000000000005,37,1,13,4.982
1448,2011-09-13,84879,296,461.84,37,1,13,1.5602702702702702
1449,2011-09-14,21137,171,580.77,37,2,14,3.396315789473684
1450,2011-09-14,22086,49,144.55,37,2,14,2.95
1451,2011-09-14,22386,30,62.400000000000006,37,2,14,2.08
1452,2011-09-14,22423,20,226.2,37,2,14,11.309999999999999
1453,2011-09-14,47566,25,123.75,37,2,14,4.95
1454,2011-09-14,79321,2,11.5,37,2,14,5.75
1455,2011-09-14,84879,48,81.12,37,2,14,1.6900000000000002
1456,2011-09-15,22086,150,394.5,37,3,15,2.63
1457,2011-09-15,22386,31,64.48,37,3,15,2.08
1458,2011-09-15,22423,64,729.5999999999999,37,3,15,11.399999999999999
1459,2011-09-15,23166,1,1.25,37,3,15,1.25
1460,2011-09-15,23298,16,79.2,37,3,15,4.95
1461,2011-09-15,47566,164,691.8,37,3,15,4.218292682926829
1462,2011-09-15,79321,96,475.20000000000005,37,3,15,4.95
1463,2011-09-15,84879,400,599.2,37,3,15,1.4980000000000002
1464,2011-09-16,21137,3,11.25,37,4,16,3.75
1465,2011-09-16,22086,96,283.20000000000005,37,4,16,2.9500000000000006
1466,2011-09-16,22386,41,85.28,37,4,16,2.08
1467,2011-09-16,22423,12,153.0,37,4,16,12.75
1468,2011-09-16,23166,24,30.0,37,4,16,1.25
1469,2011-09-16,23298,28,138.60000000000002,37,4,16,4.950000000000001
1470,2011-09-16,47566,11,54.45,37,4,16,4.95
1471,2011-09-16,79321,15,86.25,37,4,16,5.75
1472,2011-09-16,84879,68,114.92,37,4,16,1.69
1473,2011-09-18,22086,8,23.6,37,6,18,2.95
1474,2011-09-18,22386,9,18.72,37,6,18,2.08
1475,2011-09-18,22423,6,76.5,37,6,18,12.75
1476,2011-09-18,23166,2,2.5,37,6,18,1.25
1477,2011-09-18,23298,9,44.550000000000004,37,6,18,4.95
1478,2011-09-18,47566,15,74.25,37,6,18,4.95
1479,2011-09-18,79321,2,11.5,37,6,18,5.75
1480,2011-09-18,84879,48,81.12,37,6,18,1.6900000000000002
1481,2011-09-19,22086,70,190.5,38,0,19,2.7214285714285715
1482,2011-09-19,22386,136,253.88,38,0,19,1.8667647058823529
1483,2011-09-19,22423,23,264.45,38,0,19,11.497826086956522
1484,2011-09-19,23166,24,30.0,38,0,19,1.25
1485,2011-09-19,23298,19,94.05000000000001,38,0,19,4.95
1486,2011-09-19,47566,7,34.650000000000006,38,0,19,4.950000000000001
1487,2011-09-19,84879,104,175.76,38,0,19,1.69
1488,2011-09-20,22086,59,158.05,38,1,20,2.678813559322034
1489,2011-09-20,22386,211,370.88,38,1,20,1.7577251184834124
1490,2011-09-20,22423,15,191.25,38,1,20,12.75
1491,2011-09-20,23166,15,18.75,38,1,20,1.25
1492,2011-09-20,23298,40,198.0,38,1,20,4.95
1493,2011-09-20,47566,12,59.400000000000006,38,1,20,4.95
1494,2011-09-20,79321,8,46.0,38,1,20,5.75
1495,2011-09-20,84879,64,108.16,38,1,20,1.69
1496,2011-09-21,22086,26,99.42000000000002,38,2,21,3.8238461538461546
1497,2011-09-21,22386,23,47.84,38,2,21,2.08
1498,2011-09-21,22423,18,253.92000000000002,38,2,21,14.106666666666667
1499,2011-09-21,23298,16,79.2,38,2,21,4.95
1500,2011-09-21,47566,12,59.400000000000006,38,2,21,4.95
1501,2011-09-21,79321,5,35.46,38,2,21,7.0920000000000005
1502,2011-09-21,84879,56,94.64,38,2,21,1.69
1503,2011-09-22,21137,24,81.36,38,3,22,3.39
1504,2011-09-22,22086,175,500.25000000000006,38,3,22,2.858571428571429
1505,2011-09-22,22386,157,288.86,38,3,22,1.8398726114649682
1506,2011-09-22,22423,48,554.4,38,3,22,11.549999999999999
1507,2011-09-22,23166,52,54.92,38,3,22,1.0561538461538462
1508,2011-09-22,23298,133,602.35,38,3,22,4.528947368421052
1509,2011-09-22,47566,53,254.35000000000002,38,3,22,4.799056603773585
1510,2011-09-22,79321,6,34.5,38,3,22,5.75
1511,2011-09-22,84879,348,549.72,38,3,22,1.5796551724137933
1512,2011-09-23,21137,6,22.5,38,4,23,3.75
1513,2011-09-23,22086,118,332.1,38,4,23,2.814406779661017
1514,2011-09-23,22386,210,378.8,38,4,23,1.803809523809524
1515,2011-09-23,22423,7,89.25,38,4,23,12.75
1516,2011-09-23,23298,42,207.9,38,4,23,4.95
1517,2011-09-23,47566,9,44.55,38,4,23,4.949999999999999
1518,2011-09-23,84879,24,40.56,38,4,23,1.6900000000000002
1519,2011-09-25,21137,5,18.75,38,6,25,3.75
1520,2011-09-25,22086,143,405.85,38,6,25,2.838111888111888
1521,2011-09-25,22386,30,62.400000000000006,38,6,25,2.08
1522,2011-09-25,22423,22,251.7,38,6,25,11.44090909090909
1523,2011-09-25,23166,1,1.25,38,6,25,1.25
1524,2011-09-25,23298,35,173.25,38,6,25,4.95
1525,2011-09-25,47566,30,148.5,38,6,25,4.95
1526,2011-09-25,79321,4,23.0,38,6,25,5.75
1527,2011-09-25,84879,97,163.93,38,6,25,1.6900000000000002
1528,2011-09-26,21137,48,162.72,39,0,26,3.39
1529,2011-09-26,22086,38,134.82,39,0,26,3.547894736842105
1530,2011-09-26,22386,40,83.2,39,0,26,2.08
1531,2011-09-26,22423,15,203.46,39,0,26,13.564
1532,2011-09-26,23084,18,74.34,39,0,26,4.13
1533,2011-09-26,23166,12,15.0,39,0,26,1.25
1534,2011-09-26,23298,19,94.05000000000001,39,0,26,4.95
1535,2011-09-26,47566,11,54.45,39,0,26,4.95
1536,2011-09-26,79321,8,46.0,39,0,26,5.75
1537,2011-09-26,84879,245,375.65,39,0,26,1.5332653061224488
1538,2011-09-27,21137,6,22.5,39,1,27,3.75
1539,2011-09-27,22086,100,263.0,39,1,27,2.63
1540,2011-09-27,22386,100,179.0,39,1,27,1.79
1541,2011-09-27,22423,40,438.0,39,1,27,10.95
1542,2011-09-27,23166,12,15.0,39,1,27,1.25
1543,2011-09-27,23298,13,64.35000000000001,39,1,27,4.950000000000001
1544,2011-09-27,47566,38,188.1,39,1,27,4.95
1545,2011-09-27,79321,2,11.5,39,1,27,5.75
1546,2011-09-27,84879,74,125.06,39,1,27,1.69
1547,2011-09-28,21137,28,96.36,39,2,28,3.4414285714285713
1548,2011-09-28,22086,18,53.10000000000001,39,2,28,2.9500000000000006
1549,2011-09-28,22386,223,400.03999999999996,39,2,28,1.7939013452914796
1550,2011-09-28,22423,13,154.95,39,2,28,11.919230769230769
1551,2011-09-28,23166,55,68.75,39,2,28,1.25
1552,2011-09-28,23298,24,118.80000000000001,39,2,28,4.95
1553,2011-09-28,47566,74,326.30000000000007,39,2,28,4.409459459459461
1554,2011-09-28,79321,11,63.25,39,2,28,5.75
1555,2011-09-28,84879,224,340.15999999999997,39,2,28,1.5185714285714285
1556,2011-09-29,21137,108,370.44,39,3,29,3.43
1557,2011-09-29,22086,96,267.20000000000005,39,3,29,2.7833333333333337
1558,2011-09-29,22386,252,462.16,39,3,29,1.833968253968254
1559,2011-09-29,22423,59,665.8499999999999,39,3,29,11.285593220338981
1560,2011-09-29,23298,27,133.65,39,3,29,4.95
1561,2011-09-29,47566,32,158.4,39,3,29,4.95
1562,2011-09-29,79321,77,385.15000000000003,39,3,29,5.001948051948053
1563,2011-09-29,84879,176,297.44,39,3,29,1.69
1564,2011-09-30,22086,78,214.10000000000002,39,4,30,2.7448717948717953
1565,2011-09-30,22386,20,41.6,39,4,30,2.08
1566,2011-09-30,22423,8,102.0,39,4,30,12.75
1567,2011-09-30,23298,216,909.2000000000002,39,4,30,4.20925925925926
1568,2011-09-30,47566,30,148.5,39,4,30,4.95
1569,2011-09-30,79321,4,23.0,39,4,30,5.75
1570,2011-09-30,84879,48,81.12,39,4,30,1.6900000000000002
1571,2011-10-02,21137,7,26.25,39,6,2,3.75
1572,2011-10-02,22086,20,59.0,39,6,2,2.95
1573,2011-10-02,22386,3,6.24,39,6,2,2.08
1574,2011-10-02,22423,5,63.75,39,6,2,12.75
1575,2011-10-02,23298,10,49.5,39,6,2,4.95
1576,2011-10-02,47566,10,49.5,39,6,2,4.95
1577,2011-10-02,79321,52,260.6,39,6,2,5.011538461538462
1578,2011-10-02,84879,24,40.56,39,6,2,1.6900000000000002
1579,2011-10-03,21137,36,126.36,40,0,3,3.51
1580,2011-10-03,22086,69,212.07000000000005,40,0,3,3.073478260869566
1581,2011-10-03,22386,2,4.16,40,0,3,2.08
1582,2011-10-03,22423,21,251.16,40,0,3,11.959999999999999
1583,2011-10-03,23084,363,656.79,40,0,3,1.8093388429752064
1584,2011-10-03,23166,12,15.0,40,0,3,1.25
1585,2011-10-03,23298,25,123.75000000000001,40,0,3,4.95
1586,2011-10-03,47566,27,151.17,40,0,3,5.598888888888888
1587,2011-10-03,84879,72,121.67999999999999,40,0,3,1.69
1588,2011-10-04,21137,100,340.44,40,1,4,3.4044
1590,2011-10-04,22386,46,95.68,40,1,4,2.08
1591,2011-10-04,22423,38,426.9,40,1,4,11.234210526315788
1592,2011-10-04,23298,15,74.25,40,1,4,4.95
1593,2011-10-04,47566,21,103.95,40,1,4,4.95
1594,2011-10-04,79321,12,69.0,40,1,4,5.75
1595,2011-10-04,84879,84,141.96,40,1,4,1.6900000000000002
1596,2011-10-05,22086,45,132.75000000000003,40,2,5,2.9500000000000006
1597,2011-10-05,22386,212,382.96,40,2,5,1.8064150943396224
1599,2011-10-05,23298,76,336.20000000000005,40,2,5,4.423684210526316
1600,2011-10-05,47566,35,173.25,40,2,5,4.95
1601,2011-10-05,79321,9,51.75,40,2,5,5.75
1602,2011-10-05,84879,91,153.79,40,2,5,1.69
1603,2011-10-06,21137,41,145.11,40,3,6,3.539268292682927
1604,2011-10-06,22086,58,171.10000000000002,40,3,6,2.95
1606,2011-10-06,22423,74,842.7,40,3,6,11.38783783783784
1607,2011-10-06,23298,20,99.00000000000001,40,3,6,4.950000000000001
1608,2011-10-06,47566,17,84.15,40,3,6,4.95
1609,2011-10-06,84879,285,481.65,40,3,6,1.69
1610,2011-10-07,21137,124,421.8,40,4,7,3.4016129032258067
1611,2011-10-07,22086,26,76.70000000000002,40,4,7,2.9500000000000006
1612,2011-10-07,22386,406,718.48,40,4,7,1.7696551724137932
1613,2011-10-07,22423,6,76.5,40,4,7,12.75
1614,2011-10-07,23166,27,33.75,40,4,7,1.25
1615,2011-10-07,23298,15,74.25,40,4,7,4.95
1616,2011-10-07,47566,44,217.8,40,4,7,4.95
1617,2011-10-07,79321,20,115.0,40,4,7,5.75
1618,2011-10-07,84879,48,81.12,40,4,7,1.6900000000000002
1619,2011-10-09,22086,26,76.70000000000002,40,6,9,2.9500000000000006
1620,2011-10-09,22386,20,41.6,40,6,9,2.08
1621,2011-10-09,22423,20,219.0,40,6,9,10.95
1622,2011-10-09,84879,9,15.209999999999999,40,6,9,1.69
1623,2011-10-10,21137,4,15.0,41,0,10,3.75
1624,2011-10-10,22086,374,986.66,41,0,10,2.6381283422459894
1625,2011-10-10,22386,112,203.96,41,0,10,1.8210714285714287
1626,2011-10-10,22423,21,267.75,41,0,10,12.75
1627,2011-10-10,23084,2,8.26,41,0,10,4.13
1628,2011-10-10,23166,24,30.0,41,0,10,1.25
1629,2011-10-10,23298,39,193.05,41,0,10,4.95
1630,2011-10-10,47566,2,9.9,41,0,10,4.95
1631,2011-10-10,79321,76,386.11,41,0,10,5.080394736842106
1632,2011-10-10,84879,40,67.6,41,0,10,1.69
1633,2011-10-11,21137,3,11.25,41,1,11,3.75
1634,2011-10-11,22086,90,265.50000000000006,41,1,11,2.9500000000000006
1635,2011-10-11,22386,232,414.56,41,1,11,1.786896551724138
1636,2011-10-11,22423,22,280.5,41,1,11,12.75
1637,2011-10-11,23298,18,89.10000000000001,41,1,11,4.95
1638,2011-10-11,47566,12,59.400000000000006,41,1,11,4.95
1639,2011-10-11,79321,8,46.0,41,1,11,5.75
1640,2011-10-11,84879,76,128.44,41,1,11,1.69
1641,2011-10-12,22086,160,424.0,41,2,12,2.65
1642,2011-10-12,22386,17,35.36,41,2,12,2.08
1643,2011-10-12,22423,37,442.95,41,2,12,11.97162162162162
1644,2011-10-12,23166,48,49.92,41,2,12,1.04
1645,2011-10-12,23298,3,14.850000000000001,41,2,12,4.95
1646,2011-10-12,47566,16,79.2,41,2,12,4.95
1647,2011-10-12,79321,14,80.5,41,2,12,5.75
1648,2011-10-12,84879,56,94.64,41,2,12,1.69
1649,2011-10-13,21137,9,33.75,41,3,13,3.75
1650,2011-10-13,22086,54,143.3,41,3,13,2.653703703703704
1651,2011-10-13,22386,32,66.56,41,3,13,2.08
1652,2011-10-13,22423,57,697.95,41,3,13,12.244736842105263
1653,2011-10-13,23166,6,7.5,41,3,13,1.25
1654,2011-10-13,23298,34,168.3,41,3,13,4.95
1655,2011-10-13,47566,29,143.55,41,3,13,4.95
1656,2011-10-13,79321,4,23.0,41,3,13,5.75
1657,2011-10-13,84879,116,196.04000000000002,41,3,13,1.6900000000000002
1658,2011-10-14,22086,33,97.35000000000001,41,4,14,2.95
1659,2011-10-14,22386,25,52.0,41,4,14,2.08
1660,2011-10-14,22423,43,490.65,41,4,14,11.410465116279068
1661,2011-10-14,23298,24,118.80000000000001,41,4,14,4.95
1662,2011-10-14,47566,4,19.8,41,4,14,4.95
1663,2011-10-14,79321,28,141.8,41,4,14,5.064285714285715
1664,2011-10-14,84879,72,121.68,41,4,14,1.6900000000000002
1665,2011-10-16,21137,2,7.5,41,6,16,3.75
1666,2011-10-16,22086,70,182.5,41,6,16,2.607142857142857
1667,2011-10-16,22423,22,249.89999999999998,41,6,16,11.359090909090908
1668,2011-10-16,23298,16,79.2,41,6,16,4.95
1669,2011-10-16,47566,14,69.30000000000001,41,6,16,4.950000000000001
1670,2011-10-16,79321,16,92.0,41,6,16,5.75
1671,2011-10-16,84879,60,101.4,41,6,16,1.6900000000000002
1672,2011-10-17,21137,128,436.8,42,0,17,3.4125
1673,2011-10-17,22086,323,890.9300000000001,42,0,17,2.758297213622291
1674,2011-10-17,22386,255,472.4,42,0,17,1.8525490196078431
1675,2011-10-17,22423,49,591.5699999999999,42,0,17,12.072857142857142
1676,2011-10-17,23166,12,15.0,42,0,17,1.25
1677,2011-10-17,23298,19,94.05000000000001,42,0,17,4.95
1678,2011-10-17,47566,15,74.25,42,0,17,4.95
1679,2011-10-17,79321,44,253.93,42,0,17,5.771136363636364
1680,2011-10-17,84879,392,585.68,42,0,17,1.494081632653061
1681,2011-10-18,21137,4,15.0,42,1,18,3.75
1682,2011-10-18,22086,37,109.15000000000002,42,1,18,2.9500000000000006
1683,2011-10-18,22386,47,97.76,42,1,18,2.08
1684,2011-10-18,22423,24,277.2,42,1,18,11.549999999999999
1685,2011-10-18,23166,17,21.25,42,1,18,1.25
1686,2011-10-18,23298,24,118.80000000000001,42,1,18,4.95
1687,2011-10-18,47566,121,533.95,42,1,18,4.412809917355372
1688,2011-10-18,79321,12,59.400000000000006,42,1,18,4.95
1689,2011-10-18,84879,48,81.12,42,1,18,1.6900000000000002
1690,2011-10-19,22086,135,350.25,42,2,19,2.5944444444444446
1691,2011-10-19,22386,12,24.96,42,2,19,2.08
1692,2011-10-19,22423,46,528.9,42,2,19,11.497826086956522
1693,2011-10-19,23166,2,2.5,42,2,19,1.25
1694,2011-10-19,23298,6,29.700000000000003,42,2,19,4.95
1695,2011-10-19,47566,8,39.6,42,2,19,4.95
1696,2011-10-19,84879,158,267.02,42,2,19,1.69
1697,2011-10-20,21137,38,133.86,42,3,20,3.522631578947369
1698,2011-10-20,22086,116,310.2,42,3,20,2.674137931034483
1699,2011-10-20,22386,4,8.32,42,3,20,2.08
1700,2011-10-20,22423,109,1216.95,42,3,20,11.164678899082569
1701,2011-10-20,23166,24,30.0,42,3,20,1.25
1702,2011-10-20,23298,27,133.65,42,3,20,4.95
1703,2011-10-20,47566,24,118.80000000000001,42,3,20,4.95
1704,2011-10-20,79321,25,124.55000000000001,42,3,20,4.982
1705,2011-10-20,84879,156,263.64,42,3,20,1.69
1706,2011-10-21,21137,12,45.0,42,4,21,3.75
1707,2011-10-21,22086,89,246.55,42,4,21,2.770224719101124
1708,2011-10-21,22423,25,289.95,42,4,21,11.597999999999999
1709,2011-10-21,23298,13,64.35,42,4,21,4.949999999999999
1710,2011-10-21,47566,8,39.6,42,4,21,4.95
1711,2011-10-21,79321,8,46.0,42,4,21,5.75
1712,2011-10-21,84879,16,27.04,42,4,21,1.69
1713,2011-10-23,21137,2,7.5,42,6,23,3.75
1714,2011-10-23,22086,13,38.35,42,6,23,2.95
1715,2011-10-23,22423,6,76.5,42,6,23,12.75
1716,2011-10-23,23166,1,1.25,42,6,23,1.25
1717,2011-10-23,23298,6,29.700000000000003,42,6,23,4.95
1718,2011-10-23,79321,5,28.75,42,6,23,5.75
1719,2011-10-23,84879,59,99.71,42,6,23,1.69
1720,2011-10-24,22086,388,1069.52,43,0,24,2.756494845360825
1721,2011-10-24,22386,227,414.16,43,0,24,1.8244933920704847
1722,2011-10-24,22423,2,37.71,43,0,24,18.855
1723,2011-10-24,23166,18,22.5,43,0,24,1.25
1724,2011-10-24,23298,6,29.700000000000003,43,0,24,4.95
1725,2011-10-24,47566,2,9.9,43,0,24,4.95
1726,2011-10-24,79321,48,237.60000000000002,43,0,24,4.95
1727,2011-10-24,84879,40,67.6,43,0,24,1.69
1728,2011-10-25,22086,115,323.25000000000006,43,1,25,2.810869565217392
1729,2011-10-25,22386,37,76.96000000000001,43,1,25,2.08
1730,2011-10-25,22423,12,153.0,43,1,25,12.75
1731,2011-10-25,23166,6,7.5,43,1,25,1.25
1732,2011-10-25,23298,16,79.2,43,1,25,4.95
1733,2011-10-25,47566,24,118.80000000000001,43,1,25,4.95
1734,2011-10-25,79321,8,46.0,43,1,25,5.75
1735,2011-10-25,84879,80,135.2,43,1,25,1.69
1736,2011-10-26,21137,24,81.36,43,2,26,3.39
1737,2011-10-26,22086,48,125.6,43,2,26,2.6166666666666667
1738,2011-10-26,22386,36,74.88,43,2,26,2.08
1739,2011-10-26,22423,18,200.7,43,2,26,11.149999999999999
1741,2011-10-26,23298,4,19.8,43,2,26,4.95
1742,2011-10-26,47566,7,34.65,43,2,26,4.95
1743,2011-10-26,79321,264,1306.8000000000002,43,2,26,4.950000000000001
1744,2011-10-26,84879,217,328.33,43,2,26,1.5130414746543779
1745,2011-10-27,21137,17,63.75,43,3,27,3.75
1746,2011-10-27,22086,66,194.70000000000002,43,3,27,2.95
1747,2011-10-27,22423,27,344.25,43,3,27,12.75
1749,2011-10-27,23166,12,15.0,43,3,27,1.25
1750,2011-10-27,23298,26,128.70000000000002,43,3,27,4.950000000000001
1751,2011-10-27,47566,28,138.6,43,3,27,4.95
1752,2011-10-27,79321,28,141.8,43,3,27,5.064285714285715
1753,2011-10-27,84879,40,67.6,43,3,27,1.69
1754,2011-10-28,21137,49,166.47,43,4,28,3.39734693877551
1755,2011-10-28,22086,14,41.300000000000004,43,4,28,2.95
1756,2011-10-28,22386,411,738.88,43,4,28,1.7977615571776155
1757,2011-10-28,22423,52,605.4,43,4,28,11.642307692307693
1759,2011-10-28,23298,18,89.10000000000001,43,4,28,4.95
1760,2011-10-28,47566,4,19.8,43,4,28,4.95
1761,2011-10-28,79321,38,199.3,43,4,28,5.244736842105263
1762,2011-10-28,84879,48,81.12,43,4,28,1.6900000000000002
1763,2011-10-30,21137,4,15.0,43,6,30,3.75
1764,2011-10-30,22086,94,261.3,43,6,30,2.779787234042553
1765,2011-10-30,22386,3,6.24,43,6,30,2.08
1766,2011-10-30,22423,19,213.45,43,6,30,11.234210526315788
1767,2011-10-30,23084,320,582.08,43,6,30,1.8190000000000002
1768,2011-10-30,23166,22,27.5,43,6,30,1.25
1769,2011-10-30,23298,9,44.550000000000004,43,6,30,4.95
1770,2011-10-30,47566,5,24.75,43,6,30,4.95
1771,2011-10-30,79321,28,141.8,43,6,30,5.064285714285715
1772,2011-10-30,84879,264,446.15999999999997,43,6,30,1.69
1773,2011-10-31,21137,16,60.0,44,0,31,3.75
1774,2011-10-31,22086,50,173.06,44,0,31,3.4612
1775,2011-10-31,22386,17,35.36,44,0,31,2.08
1776,2011-10-31,22423,46,569.91,44,0,31,12.389347826086956
1777,2011-10-31,23084,292,553.0,44,0,31,1.893835616438356
1778,2011-10-31,23166,4,5.0,44,0,31,1.25
1779,2011-10-31,47566,24,118.80000000000001,44,0,31,4.95
1780,2011-10-31,79321,24,118.80000000000001,44,0,31,4.95
1781,2011-10-31,84879,112,189.28,44,0,31,1.69
1782,2011-11-01,21137,10,37.5,44,1,1,3.75
1783,2011-11-01,22086,82,225.90000000000003,44,1,1,2.7548780487804883
1784,2011-11-01,22386,43,89.44000000000001,44,1,1,2.08
1785,2011-11-01,22423,21,267.75,44,1,1,12.75
1786,2011-11-01,23084,346,643.12,44,1,1,1.8587283236994219
1787,2011-11-01,23166,1,1.25,44,1,1,1.25
1788,2011-11-01,23298,11,54.45,44,1,1,4.95
1789,2011-11-01,47566,5,24.75,44,1,1,4.95
1790,2011-11-01,79321,21,120.75,44,1,1,5.75
1791,2011-11-01,84879,294,458.46000000000004,44,1,1,1.559387755102041
1792,2011-11-02,21137,240,813.6,44,2,2,3.39
1793,2011-11-02,22086,242,641.9,44,2,2,2.652479338842975
1794,2011-11-02,22386,110,199.8,44,2,2,1.8163636363636364
1795,2011-11-02,22423,2,25.5,44,2,2,12.75
1796,2011-11-02,23084,593,1149.92,44,2,2,1.9391568296795954
1797,2011-11-02,23298,1,4.95,44,2,2,4.95
1798,2011-11-02,47566,8,39.6,44,2,2,4.95
1799,2011-11-02,79321,34,176.3,44,2,2,5.185294117647059
1800,2011-11-02,84879,128,216.32,44,2,2,1.69
1801,2011-11-03,21137,92,314.76,44,3,3,3.4213043478260867
1803,2011-11-03,22386,20,41.6,44,3,3,2.08
1804,2011-11-03,22423,65,742.3499999999999,44,3,3,11.42076923076923
1805,2011-11-03,23084,451,819.76,44,3,3,1.817649667405765
1806,2011-11-03,23298,8,39.6,44,3,3,4.95
1807,2011-11-03,47566,4,19.8,44,3,3,4.95
1808,2011-11-03,79321,13,74.75,44,3,3,5.75
1809,2011-11-03,84879,210,354.9,44,3,3,1.69
1810,2011-11-04,21137,74,251.57999999999998,44,4,4,3.3997297297297293
1811,2011-11-04,22086,90,249.5,44,4,4,2.772222222222222
1812,2011-11-04,22386,7,14.56,44,4,4,2.08
1813,2011-11-04,22423,106,1193.1,44,4,4,11.25566037735849
1814,2011-11-04,23084,525,952.8000000000001,44,4,4,1.814857142857143
1815,2011-11-04,23166,24,30.0,44,4,4,1.25
1816,2011-11-04,23298,35,173.25,44,4,4,4.95
1817,2011-11-04,47566,24,118.80000000000001,44,4,4,4.95
1818,2011-11-04,79321,36,187.8,44,4,4,5.216666666666667
1819,2011-11-04,84879,80,135.20000000000002,44,4,4,1.6900000000000002
1820,2011-11-06,21137,1,3.75,44,6,6,3.75
1821,2011-11-06,22086,93,258.35,44,6,6,2.777956989247312
1822,2011-11-06,22386,82,161.86,44,6,6,1.9739024390243904
1823,2011-11-06,22423,25,318.75,44,6,6,12.75
1824,2011-11-06,23084,351,660.48,44,6,6,1.8817094017094018
1825,2011-11-06,23166,2,2.5,44,6,6,1.25
1826,2011-11-06,23298,36,166.20000000000002,44,6,6,4.616666666666667
1827,2011-11-06,47566,14,65.3,44,6,6,4.664285714285714
1828,2011-11-06,79321,5,28.75,44,6,6,5.75
1829,2011-11-06,84879,136,229.84,44,6,6,1.69
1830,2011-11-07,21137,9,33.75,45,0,7,3.75
1831,2011-11-07,22086,61,179.95000000000002,45,0,7,2.95
1832,2011-11-07,22386,28,58.24,45,0,7,2.08
1833,2011-11-07,22423,35,388.65,45,0,7,11.104285714285714
1834,2011-11-07,23084,285,530.16,45,0,7,1.8602105263157893
1835,2011-11-07,23166,4,5.0,45,0,7,1.25
1836,2011-11-07,23298,9,44.550000000000004,45,0,7,4.95
1837,2011-11-07,47566,18,89.10000000000001,45,0,7,4.95
1838,2011-11-07,79321,194,961.9000000000001,45,0,7,4.9582474226804125
1839,2011-11-07,84879,24,40.56,45,0,7,1.6900000000000002
1840,2011-11-08,21137,44,150.6,45,1,8,3.4227272727272724
1841,2011-11-08,22086,94,277.3,45,1,8,2.95
1842,2011-11-08,22386,52,108.16000000000001,45,1,8,2.08
1843,2011-11-08,22423,7,89.25,45,1,8,12.75
1844,2011-11-08,23084,208,411.76,45,1,8,1.9796153846153846
1845,2011-11-08,23166,7,8.75,45,1,8,1.25
1846,2011-11-08,23298,15,74.25,45,1,8,4.95
1847,2011-11-08,47566,4,19.8,45,1,8,4.95
1848,2011-11-08,79321,12,69.0,45,1,8,5.75
1849,2011-11-08,84879,40,67.6,45,1,8,1.69
1851,2011-11-09,22086,259,700.0500000000001,45,2,9,2.702895752895753
1852,2011-11-09,22386,250,462.0,45,2,9,1.848
1853,2011-11-09,22423,14,178.5,45,2,9,12.75
1854,2011-11-09,23084,447,814.92,45,2,9,1.8230872483221476
1855,2011-11-09,23298,8,39.6,45,2,9,4.95
1856,2011-11-09,47566,29,143.55,45,2,9,4.95
1857,2011-11-09,79321,100,498.20000000000005,45,2,9,4.982
1859,2011-11-10,21137,170,577.02,45,3,10,3.394235294117647
1860,2011-11-10,22086,138,446.86000000000007,45,3,10,3.238115942028986
1861,2011-11-10,22386,18,37.44,45,3,10,2.08
1862,2011-11-10,22423,46,582.12,45,3,10,12.654782608695653
1863,2011-11-10,23084,376,776.03,45,3,10,2.063909574468085
1864,2011-11-10,23298,55,272.25,45,3,10,4.95
1865,2011-11-10,47566,40,198.0,45,3,10,4.95
1866,2011-11-10,79321,109,556.6600000000001,45,3,10,5.106972477064221
1867,2011-11-10,84879,200,338.0,45,3,10,1.69
1868,2011-11-11,21137,72,244.08,45,4,11,3.39
1869,2011-11-11,22086,168,447.6,45,4,11,2.6642857142857146
1870,2011-11-11,22386,110,199.8,45,4,11,1.8163636363636364
1871,2011-11-11,22423,14,178.5,45,4,11,12.75
1872,2011-11-11,23084,374,708.32,45,4,11,1.8939037433155081
1873,2011-11-11,23166,48,49.92,45,4,11,1.04
1874,2011-11-11,23298,15,74.25,45,4,11,4.95
1875,2011-11-11,47566,18,89.10000000000001,45,4,11,4.95
1876,2011-11-11,79321,48,237.60000000000002,45,4,11,4.95
1877,2011-11-11,84879,100,169.0,45,4,11,1.69
1878,2011-11-13,22086,152,400.40000000000003,45,6,13,2.6342105263157896
1879,2011-11-13,22386,17,35.36,45,6,13,2.08
1880,2011-11-13,22423,29,340.95,45,6,13,11.756896551724138
1881,2011-11-13,23084,85,162.88,45,6,13,1.916235294117647
1882,2011-11-13,23166,12,15.0,45,6,13,1.25
1883,2011-11-13,23298,3,14.850000000000001,45,6,13,4.95
1884,2011-11-13,47566,6,29.700000000000003,45,6,13,4.95
1885,2011-11-13,79321,4,23.0,45,6,13,5.75
1886,2011-11-13,84879,48,81.12,45,6,13,1.6900000000000002
